Workbook

Sheet Résultats
A1: AZALAÏ HÔTEL ABIDJAN
A2: Résultats calculés (formules montrées)
A4: Indicateur | B4: Valeur
A5: Répondants | B5: =COUNTA(Satisfaction!A5:A34)
A6: Promoteurs (9-10) | B6: =COUNTIF(Satisfaction!J5:J34,">=9")
A7: Détracteurs (0-6) | B7: =COUNTIF(Satisfaction!J5:J34,"<=6")
A8: Note de recommandation = %promoteurs − %détracteurs | B8: =ROUND(100*B6/B5-100*B7/B5,0)
A9: Satisfaits (4 et 5) | B9: =COUNTIF(Satisfaction!E5:E34,">=4")
A10: Note moyenne | B10: =ROUND(AVERAGE(Satisfaction!E5:E34),2)
A11: Note de recommandation, face à face | B11: =ROUND(100*COUNTIFS(Satisfaction!C5:C34,"Face*",Satisfaction!J5:J34,">=9")/COUNTIF(Satisfaction!C5:C34,"Face*")-100*COUNTIFS(Satisfaction!C5:C34,"Face*",Satisfaction!J5:J34,"<=6")/COUNTIF(Satisfaction!C5:C34,"Face*"),0)
A12: Notoriété spontanée Azalaï (%) | B12: =ROUND(100*COUNTIF(Notoriete!G5:G34,"1")/COUNTA(Notoriete!A5:A34),0)
A13: Première citée Azalaï (%) | B13: =ROUND(100*COUNTIF(Notoriete!D5:D34,"Azalaï")/COUNTA(Notoriete!A5:A34),0)
A14: Notoriété assistée Azalaï (%) | B14: =ROUND(100*COUNTIF(Notoriete!M5:M34,"1")/COUNTA(Notoriete!A5:A34),0)
A16: Réponses fictives de test : à remplacer par les réponses réelles exportées de Tally.

Sheet Satisfaction
A1: AZALAÏ HÔTEL ABIDJAN
A2: 30 réponses de satisfaction (fictives)
A4: N° | B4: Consentement | C4: Canal | D4: Motif | E4: Satisfaction globale (1-5) | F4: Accueil | G4: Chambre | H4: Restauration | I4: Qualité-prix | J4: Recommandation (0-10) | K4: Catégorie | L4: Pourquoi
A5: S01 | B5: Oui | C5: Face à face réception | D5: Loisirs ou famille | E5: 4 | F5: 3 | G5: 5 | H5: 3 | I5: 4 | J5: 8 | K5: =IF(J5>=9,"Promoteur",IF(J5>=7,"Passif","Détracteur")) | L5: Bon rapport qualité-prix
A6: S02 | B6: Oui | C6: Face à face réception | D6: Travail | E6: 4 | F6: 3 | G6: 4 | H6: 4 | I6: 3 | J6: 8 | K6: =IF(J6>=9,"Promoteur",IF(J6>=7,"Passif","Détracteur")) | L6: Chambre propre
A7: S03 | B7: Oui | C7: WhatsApp | D7: Événement | E7: 4 | F7: 5 | G7: 4 | H7: 4 | I7: 5 | J7: 7 | K7: =IF(J7>=9,"Promoteur",IF(J7>=7,"Passif","Détracteur")) | L7: Wifi lent
A8: S04 | B8: Oui | C8: Face à face réception | D8: Travail | E8: 2 | F8: 4 | G8: 3 | H8: 4 | I8: 3 | J8: 1 | K8: =IF(J8>=9,"Promoteur",IF(J8>=7,"Passif","Détracteur")) | L8: Attente au check-in
A9: S05 | B9: Oui | C9: WhatsApp | D9: Travail | E9: 5 | F9: 4 | G9: 5 | H9: 4 | I9: 3 | J9: 10 | K9: =IF(J9>=9,"Promoteur",IF(J9>=7,"Passif","Détracteur")) | L9: Accueil chaleureux
A10: S06 | B10: Oui | C10: Face à face réception | D10: Événement | E10: 5 | F10: 4 | G10: 3 | H10: 4 | I10: 5 | J10: 10 | K10: =IF(J10>=9,"Promoteur",IF(J10>=7,"Passif","Détracteur")) | L10: Chambre propre
A11: S07 | B11: Oui | C11: Face à face réception | D11: Événement | E11: 5 | F11: 4 | G11: 4 | H11: 2 | I11: 3 | J11: 10 | K11: =IF(J11>=9,"Promoteur",IF(J11>=7,"Passif","Détracteur")) | L11: Proche du centre commercial
A12: S08 | B12: Oui | C12: WhatsApp | D12: Travail | E12: 4 | F12: 5 | G12: 5 | H12: 4 | I12: 3 | J12: 8 | K12: =IF(J12>=9,"Promoteur",IF(J12>=7,"Passif","Détracteur")) | L12: Bon rapport qualité-prix
A13: S09 | B13: Oui | C13: WhatsApp | D13: Événement | E13: 5 | F13: 3 | G13: 4 | H13: 2 | I13: 4 | J13: 9 | K13: =IF(J13>=9,"Promoteur",IF(J13>=7,"Passif","Détracteur")) | L13: Accueil chaleureux
A14: S10 | B14: Oui | C14: WhatsApp | D14: Travail | E14: 4 | F14: 4 | G14: 4 | H14: 2 | I14: 3 | J14: 8 | K14: =IF(J14>=9,"Promoteur",IF(J14>=7,"Passif","Détracteur")) | L14: Accueil chaleureux
A15: S11 | B15: Oui | C15: WhatsApp | D15: Loisirs ou famille | E15: 5 | F15: 5 | G15: 5 | H15: 4 | I15: 5 | J15: 9 | K15: =IF(J15>=9,"Promoteur",IF(J15>=7,"Passif","Détracteur")) | L15: Accueil chaleureux
A16: S12 | B16: Oui | C16: Appel | D16: Loisirs ou famille | E16: 4 | F16: 5 | G16: 3 | H16: 3 | I16: 4 | J16: 7 | K16: =IF(J16>=9,"Promoteur",IF(J16>=7,"Passif","Détracteur")) | L16: Wifi lent
... A34: S30 | B34: Oui | C34: WhatsApp | D34: Travail | E34: 5 | F34: 3 | G34: 4 | H34: 3 | I34: 3 | J34: 9 | K34: =IF(J34>=9,"Promoteur",IF(J34>=7,"Passif","Détracteur")) | L34: Bon rapport qualité-prix

Sheet Notoriete
A1: AZALAÏ HÔTEL ABIDJAN
A2: 30 réponses de notoriété (fictives) : 1 = connaît
A4: N° | B4: Consentement | C4: Canal | D4: Cité en premier | E4: Spont. Sofitel Ivoire | F4: Spont. Pullman | G4: Spont. Azalaï | H4: Spont. Noom | I4: Spont. Radisson Blu | J4: Spont. Novotel | K4: Assist. Sofitel Ivoire | L4: Assist. Pullman | M4: Assist. Azalaï | N4: Assist. Noom | O4: Assist. Radisson Blu | P4: Assist. Novotel | Q4: Âge
A5: N01 | B5: Oui | C5: Formulaire en ligne | D5: Sofitel Ivoire | E5: 1 | F5: 1 | G5: 0 | H5: 0 | I5: 0 | J5: 0 | K5: 1 | L5: 1 | M5: 1 | N5: 0 | O5: 1 | P5: 1 | Q5: 35 à 49 ans
A6: N02 | B6: Oui | C6: Formulaire en ligne | D6: Sofitel Ivoire | E6: 1 | F6: 0 | G6: 0 | H6: 0 | I6: 0 | J6: 0 | K6: 1 | L6: 0 | M6: 1 | N6: 1 | O6: 0 | P6: 1 | Q6: 18 à 24 ans
A7: N03 | B7: Oui | C7: Formulaire en ligne | D7: Azalaï | E7: 0 | F7: 0 | G7: 1 | H7: 1 | I7: 0 | J7: 0 | K7: 1 | L7: 1 | M7: 1 | N7: 1 | O7: 1 | P7: 0 | Q7: 18 à 24 ans
A8: N04 | B8: Oui | C8: Rue, Marcory | D8: Pullman | E8: 0 | F8: 1 | G8: 0 | H8: 0 | I8: 0 | J8: 0 | K8: 1 | L8: 1 | M8: 1 | N8: 1 | O8: 1 | P8: 0 | Q8: 25 à 34 ans
A9: N05 | B9: Oui | C9: Formulaire en ligne | D9: Sofitel Ivoire | E9: 1 | F9: 0 | G9: 0 | H9: 0 | I9: 0 | J9: 0 | K9: 1 | L9: 0 | M9: 0 | N9: 1 | O9: 1 | P9: 0 | Q9: 25 à 34 ans
A10: N06 | B10: Oui | C10: Formulaire en ligne | D10: Azalaï | E10: 0 | F10: 1 | G10: 1 | H10: 0 | I10: 0 | J10: 0 | K10: 1 | L10: 1 | M10: 1 | N10: 0 | O10: 1 | P10: 1 | Q10: 25 à 34 ans
A11: N07 | B11: Oui | C11: Rue, Plateau | D11: Noom | E11: 1 | F11: 1 | G11: 0 | H11: 1 | I11: 1 | J11: 0 | K11: 1 | L11: 1 | M11: 1 | N11: 1 | O11: 1 | P11: 1 | Q11: 25 à 34 ans
A12: N08 | B12: Oui | C12: Rue, Marcory | D12: Sofitel Ivoire | E12: 1 | F12: 1 | G12: 1 | H12: 1 | I12: 0 | J12: 0 | K12: 1 | L12: 1 | M12: 1 | N12: 1 | O12: 0 | P12: 0 | Q12: 35 à 49 ans
A13: N09 | B13: Oui | C13: Rue, Marcory | D13: Azalaï | E13: 0 | F13: 0 | G13: 1 | H13: 0 | I13: 0 | J13: 0 | K13: 1 | L13: 0 | M13: 1 | N13: 1 | O13: 1 | P13: 1 | Q13: 35 à 49 ans
A14: N10 | B14: Oui | C14: Rue, Plateau | D14: Azalaï | E14: 0 | F14: 0 | G14: 1 | H14: 1 | I14: 0 | J14: 0 | K14: 1 | L14: 1 | M14: 1 | N14: 1 | O14: 1 | P14: 0 | Q14: 18 à 24 ans
A15: N11 | B15: Oui | C15: Rue, Marcory | D15: Radisson Blu | E15: 1 | F15: 0 | G15: 0 | H15: 1 | I15: 1 | J15: 0 | K15: 1 | L15: 1 | M15: 0 | N15: 1 | O15: 1 | P15: 1 | Q15: 25 à 34 ans
... A34: N30 | B34: Oui | C34: Rue, Plateau | D34: Aucun | E34: 0 | F34: 0 | G34: 0 | H34: 0 | I34: 1 | J34: 0 | K34: 1 | L34: 1 | M34: 0 | N34: 1 | O34: 1 | P34: 0 | Q34: 18 à 24 ans

Sheet Vagues
A1: AZALAÏ HÔTEL ABIDJAN
A2: Comparaison d’une vague à l’autre (même méthode)
A4: Indicateur | B4: Vague 1 | C4: Vague 2 | D4: Écart
A5: Notoriété spontanée Azalaï (%) | B5: =Résultats!B12 | D5: =C5-B5
A6: Notoriété assistée Azalaï (%) | B6: =Résultats!B14 | D6: =C6-B6
A7: Note de recommandation | B7: =Résultats!B8 | D7: =C7-B7
A8: Note moyenne | B8: =Résultats!B10 | D8: =C8-B8
