Workbook

Sheet Budget
D1: Budget de campagne : Rio Pop, rien n'te stop ! Fêtes 2026
D2: UNI-2026-Q4, du 02/11/2026 au 31/12/2026, montants en FCFA
A4: Seuil d'alerte de dépassement | C4: 0.05 | D4: Cellule à saisir : un poste engagé au-delà de son prévu plus ce seuil passe en rouge.
A6: Famille | B6: Poste | C6: Canal | D6: Prévu | E6: Engagé | F6: Payé | G6: Reste à payer | H6: Écart engagé | I6: Statut | J6: Fournisseur et source
A7: Achat d'espace | B7: Facebook et Instagram, publicité | C7: Facebook et Instagram | D7: 9000000 | G7: =IF(E7="","",E7-F7) | H7: =IF(E7="","",E7-D7) | I7: Prévu | J7: FICTIF : enveloppe du socle, devis Meta non applicable (enchères)
A8: Achat d'espace | B8: TikTok, compte, contenus et boost | C8: TikTok | D8: 5000000 | G8: =IF(E8="","",E8-F8) | H8: =IF(E8="","",E8-D8) | I8: Prévu | J8: FICTIF : enveloppe du socle
A9: Achat d'espace | B9: Radio Nostalgie et Radio JAM | C9: Radio | D9: 7000000 | G9: =IF(E9="","",E9-F9) | H9: =IF(E9="","",E9-D9) | I9: Prévu | J9: FICTIF : enveloppe du socle, tarifs régie à confirmer
A10: Achat d'espace | B10: Affichage et kakémonos points de vente | C10: Affichage points de vente | D10: 6000000 | G10: =IF(E10="","",E10-F10) | H10: =IF(E10="","",E10-D10) | I10: Prévu | J10: FICTIF : enveloppe du socle, devis imprimeur à obtenir
A11: Production | B11: Production contenus (Koffi et tournage) | D11: 3000000 | G11: =IF(E11="","",E11-F11) | H11: =IF(E11="","",E11-D11) | I11: Prévu | J11: FICTIF : enveloppe du socle
A12: Animation | B12: Animation terrain marchés Adjamé, Treichville, Yopougon | C12: Animation terrain | D12: 6000000 | G12: =IF(E12="","",E12-F12) | H12: =IF(E12="","",E12-D12) | I12: Prévu | J12: FICTIF : enveloppe du socle
A13: Interne | B13: Temps interne (0 jours prévus) | D13: =0*$C$17 | E13: =C18*$C$17 | H13: =IF(E13="","",E13-D13) | J13: FICTIF : temps interne non valorisé dans ce test
A14: Réserve | B14: Imprévu | D14: =ROUND(SUMIF(A7:A12,"<>Interne",D7:D12)*$C$19,0) | H14: =IF(E14="","",E14-D14) | J14: FICTIF : réserve de 2 000 000 FCFA du socle
A15: Total | D15: =SUM(D7:D14) | E15: =SUM(E7:E14) | F15: =SUM(F7:F14) | G15: =SUM(G7:G14) | H15: =E15-D15
A17: Taux journalier interne | C17: 0
A18: Jours internes consommés | C18: 0
A19: Part d'imprévu | C19: 0.055555556
A20: Contrôle | C20: =IF(D15=38000000,"Total prévu = plan de campagne validé","ÉCART AVEC LE PLAN VALIDÉ")
A21: Budget consommé | C21: =IF(D15=0,0,E15/D15)
A24: UNIFOOD SARL, Rue Ghandour, zone industrielle de Koumassi, 10 BP 979 Abidjan 10, Côte d'Ivoire. FICTIF : document de test, chiffres internes inventés.
A25: Document de travail FICTIF, réservé à la direction marketing.

Sheet Par canal
D1: Budget par canal
D2: Achat d'espace et animation, calculé depuis l'onglet Budget
A5: Canal | B5: Prévu | C5: Engagé | D5: Part du prévu
A6: Facebook et Instagram | B6: =SUMIF(Budget!$C$7:$C$12,A6,Budget!$D$7:$D$12) | C6: =SUMIF(Budget!$C$7:$C$12,A6,Budget!$E$7:$E$12) | D6: =IF(SUM($B$6:$B$10)=0,0,B6/SUM($B$6:$B$10))
A7: TikTok | B7: =SUMIF(Budget!$C$7:$C$12,A7,Budget!$D$7:$D$12) | C7: =SUMIF(Budget!$C$7:$C$12,A7,Budget!$E$7:$E$12) | D7: =IF(SUM($B$6:$B$10)=0,0,B7/SUM($B$6:$B$10))
A8: Radio | B8: =SUMIF(Budget!$C$7:$C$12,A8,Budget!$D$7:$D$12) | C8: =SUMIF(Budget!$C$7:$C$12,A8,Budget!$E$7:$E$12) | D8: =IF(SUM($B$6:$B$10)=0,0,B8/SUM($B$6:$B$10))
A9: Affichage points de vente | B9: =SUMIF(Budget!$C$7:$C$12,A9,Budget!$D$7:$D$12) | C9: =SUMIF(Budget!$C$7:$C$12,A9,Budget!$E$7:$E$12) | D9: =IF(SUM($B$6:$B$10)=0,0,B9/SUM($B$6:$B$10))
A10: Animation terrain | B10: =SUMIF(Budget!$C$7:$C$12,A10,Budget!$D$7:$D$12) | C10: =SUMIF(Budget!$C$7:$C$12,A10,Budget!$E$7:$E$12) | D10: =IF(SUM($B$6:$B$10)=0,0,B10/SUM($B$6:$B$10))
A13: UNIFOOD SARL, Rue Ghandour, zone industrielle de Koumassi, 10 BP 979 Abidjan 10, Côte d'Ivoire. FICTIF : document de test, chiffres internes inventés.
A14: Document de travail FICTIF, réservé à la direction marketing.
