Workbook

Sheet Fiche
A2: Soirée clients · Conducteur
A3: Document interne à l'équipe · ne pas transmettre aux invités · version 1 du 21 octobre 2026
A6: Événement | B6: Soirée clients
A7: Organisateur | B7: Sofitel Abidjan Hôtel Ivoire
A8: Date
A9: Lieu et salle | B9: Sofitel Abidjan Hôtel Ivoire, Boulevard Hassan II, Cocody · salle :
A10: Nombre d'invités attendus
A11: Heure d'ouverture des portes | B11: 0.77083333
A12: Heure de début du programme | B12: ='Déroulé'!A8
A13: Heure de fin de soirée | B13: ='Déroulé'!A18+'Déroulé'!B18/1440
A14: Régisseur, qui tient ce conducteur
A15: Maître de cérémonie
A16: Responsable technique, son et lumière
A17: Responsable accueil
A18: Responsable de la remise de prix
A20: Mode d'emploi
A21: • Les cases sur fond jaune sont à remplir par l'équipe.
A22: • Les heures se calculent seules : changez l'heure d'ouverture ici ou une durée dans le Déroulé, tout le reste suit.
A23: • Les durées proposées sont un point de départ : elles se valident avec l'organisateur, et la durée de la vidéo se lit sur le fichier.
A24: • La version figée en PDF part la veille au soir, après la répétition, au régisseur, au maître de cérémonie et à la technique.
A25: • Les cinq onglets : Fiche, Installation, Déroulé, Tops de régie, Intervenants et lauréats, Plans B et contacts.

Sheet Installation
A2: Avant l'ouverture : installation et répétition
A3: Heures calculées à rebours depuis l'ouverture des portes
A6: Heure | B6: Durée (min) | C6: Tâche | D6: Qui | E6: Vérifié (oui / non) | F6: Remarque
A7: =Fiche!B11-260/1440 | B7: 60 | C7: Accès à la salle, livraison et déchargement du matériel (écran, régie, trophées, fond de scène) | D7: Technique + équipe Sofitel
A8: =A7+B7/1440 | B8: 45 | C8: Installation son, lumière, écran ; deux micros main et un micro pupitre, piles neuves, un micro de secours en coulisse | D8: Technique
A9: =A8+B8/1440 | B9: 30 | C9: Test de la vidéo sur l'ordinateur de régie, avec le son de la salle, du début à la fin ; durée exacte notée dans le Déroulé | D9: Régie
A10: =A9+B9/1440 | B10: 30 | C10: Test de chaque support projeté (visuel d'attente, ouverture, discours, remise de prix, clôture) | D10: Régie
A11: =A10+B10/1440 | B11: 45 | C11: Répétition avec le maître de cérémonie et les intervenants présents : entrées, sorties, micros, tops de régie | D11: Régisseur
A12: =A11+B11/1440 | B12: 20 | C12: Mise en place des trophées dans l'ordre de remise, enveloppes des lauréats, place de l'hôtesse qui les apporte | D12: Responsable remise de prix
A13: =A12+B12/1440 | B13: 20 | C13: Accueil prêt : liste des invités, plan de table, signalétique, photocall, photographe briefé | D13: Responsable accueil
A14: =A13+B13/1440 | B14: 10 | C14: Dernier point équipe : tout le monde a le conducteur et les téléphones | D14: Régisseur
A15: =A14+B14/1440 | C15: Ouverture des portes

Sheet Déroulé
A2: Le déroulé minute par minute
A3: Heure de chaque ligne = heure de la ligne précédente + sa durée
A5: Heure | B5: Durée (min) | C5: Séquence | D5: Qui parle ou agit | E5: Support à l'écran | F5: Son et lumière | G5: Responsable | H5: Plan B | I5: Remarque
A6: =Fiche!B11 | B6: 60 | C6: Accueil des invités, cocktail d'arrivée, photocall | D6: Équipe accueil | E6: Visuel d'attente en boucle (logo et nom de la soirée) | F6: Musique d'ambiance, salle éclairée | G6: Responsable accueil | H6: Retard massif des invités : on décale le début de 15 minutes, annonce au micro par le maître de cérémonie
A7: =A6+B6/1440 | B7: 3 | C7: Appel en salle | D7: Maître de cérémonie (hors scène) | E7: Visuel d'attente | F7: Musique qui monte puis baisse, lumière salle à mi-niveau | G7: Régie | H7: Invités encore au cocktail : l'équipe accueil les invite à entrer, deuxième appel à 3 minutes
A8: =A7+B7/1440 | B8: 5 | C8: Ouverture : mot de bienvenue et présentation de la soirée | D8: Maître de cérémonie | E8: Visuel d'ouverture | F8: Musique coupée sur le top, lumière sur scène, salle baissée | G8: Régie | H8: Micro qui lâche : micro de secours tendu depuis la coulisse côté gauche
A9: =A8+B8/1440 | B9: 10 | C9: Discours 1 | D9: Intervenant 1 (nom et fonction à confirmer) | E9: Visuel fixe au nom de l'intervenant (ou sa présentation, diapo 1) | F9: Micro pupitre, lumière pupitre | G9: Régie | H9: Intervenant absent : son représentant lit le discours, ou le maître de cérémonie enchaîne sur la vidéo
A10: =A9+B9/1440 | B10: 1 | C10: Lancement de la vidéo | D10: Maître de cérémonie | E10: Écran noir jusqu'au top | F10: Salle dans le noir sur le top | G10: Régie
A11: =A10+B10/1440 | B11: 4 | C11: Vidéo | D11: Régie | E11: Fichier vidéo (nom exact et durée mesurée à reporter) | F11: Son de la vidéo, salle dans le noir | G11: Régie | H11: Vidéo bloquée : le maître de cérémonie enchaîne sur le discours 2, la vidéo passe avant la remise de prix
A12: =A11+B11/1440 | B12: 10 | C12: Discours 2 | D12: Intervenant 2 (nom et fonction à confirmer) | E12: Visuel fixe au nom de l'intervenant (ou sa présentation, diapo 1) | F12: Lumière scène, micro pupitre | G12: Régie | H12: Discours qui déborde : signe du régisseur à 2 minutes de la fin, puis à la fin
A13: =A12+B12/1440 | B13: 3 | C13: Annonce de la remise de prix : règles et catégories | D13: Maître de cérémonie | E13: Visuel « Remise de prix » | F13: Jingle d'ouverture des prix | G13: Régie
A14: =A13+B13/1440 | B14: 20 | C14: Remise de prix (environ 4 minutes par prix : annonce, montée sur scène, remise, photo) | D14: Maître de cérémonie + remettant de chaque prix | E14: Un visuel par prix : nom de la catégorie, puis nom du lauréat après l'annonce | F14: Jingle à chaque nom, poursuite sur le lauréat, lumière scène pleine | G14: Responsable remise de prix | H14: Lauréat absent : un représentant reçoit le prix ; sinon remise différée, le maître de cérémonie le dit et on passe au suivant
A15: =A14+B14/1440 | B15: 5 | C15: Photo de groupe des lauréats et des intervenants | D15: Photographe | E15: Visuel de tous les lauréats | F15: Lumière scène pleine, musique douce | G15: Responsable remise de prix | H15: Lauréats dispersés : l'hôtesse les rassemble côté droit de la scène dès le dernier prix
A16: =A15+B15/1440 | B16: 4 | C16: Clôture, remerciements, invitation au dîner | D16: Maître de cérémonie | E16: Visuel de clôture | F16: Musique de sortie, lumière salle remontée | G16: Régie
A17: =A16+B16/1440 | B17: 90 | C17: Dîner, animation musicale, échanges | D17: Équipe Sofitel | E17: Visuel d'attente en boucle | F17: Musique d'ambiance | G17: Responsable accueil | H17: Panne de son : playlist de secours sur une enceinte autonome
A18: =A17+B17/1440 | B18: 30 | C18: Fin de soirée, départ des invités, cadeaux de sortie | D18: Équipe accueil | E18: Visuel « Merci » | F18: Lumière salle pleine | G18: Responsable accueil
A20: Durée du programme sur scène (de l'ouverture à la clôture) : | F20: =SUM(B8:B16) | G20: minutes
A21: Les lignes en gras sont les deux discours, la vidéo et la remise de prix. Pour ajouter un prix, ajoutez 4 minutes à la ligne « Remise de prix ».

Sheet Tops de régie
A2: Les tops de régie
A3: Les phrases exactes qui déclenchent une action technique, à la seconde
A6: Heure | B6: Phrase dite par le maître de cérémonie (mot pour mot) | C6: Ce qui se déclenche | D6: Géré par | E6: Répété (oui / non)
A7: ='Déroulé'!A7 | B7: « Mesdames et messieurs, la soirée va commencer, nous vous invitons à rejoindre vos places. » | C7: Musique d'ambiance qui monte puis s'arrête ; lumière de salle à mi-niveau | D7: Régie
A8: ='Déroulé'!A8 | B8: « Bonsoir et bienvenue au Sofitel Abidjan Hôtel Ivoire. » | C8: Visuel d'ouverture à l'écran ; lumière sur scène | D8: Régie
A9: ='Déroulé'!A9 | B9: « J'ai l'honneur d'inviter [nom et fonction de l'intervenant 1]. » | C9: Visuel au nom de l'intervenant 1 ; lumière pupitre ; micro pupitre ouvert | D9: Régie
A10: ='Déroulé'!A10 | B10: « Je vous invite maintenant à regarder ce film. » | C10: Salle dans le noir puis lancement de la vidéo, son de la vidéo | D10: Régie
A11: ='Déroulé'!A12 | B11: Dernière image de la vidéo | C11: Lumière scène, visuel au nom de l'intervenant 2 | D11: Régie
A12: ='Déroulé'!A13 | B12: « Place maintenant au moment que vous attendez tous : la remise des prix. » | C12: Visuel « Remise de prix », jingle d'ouverture | D12: Régie
A13: ='Déroulé'!A14 | B13: « Et le prix [catégorie] est attribué à… [nom]. » (à chaque prix) | C13: Jingle ; visuel du lauréat ; poursuite sur le lauréat ; l'hôtesse apporte le trophée | D13: Régie + responsable remise de prix
A14: ='Déroulé'!A16 | B14: « Merci à toutes et à tous, et belle soirée. » | C14: Visuel de clôture ; musique de sortie ; lumière de salle remontée | D14: Régie
A16: Les phrases entre crochets se complètent quand les noms sont confirmés. Les tops se répètent mot pour mot pendant la répétition.

Sheet Intervenants et lauréats
A2: Intervenants et remise de prix
A3: Un intervenant seulement pressenti ne figure pas au conducteur
A6: Intervenant | B6: Fonction (confirmée par écrit) | C6: Séquence | D6: Heure d'arrivée demandée | E6: Durée accordée (min) | F6: Support fourni et testé | G6: Besoin particulier
A7: Maître de cérémonie | C7: Toute la soirée | D7: ='Installation'!A11 | F7: Fiche de présentation des intervenants et lauréats | G7: Micro main, micro de secours
A8: Intervenant 1 | C8: Discours 1 | D8: ='Installation'!A11 | E8: ='Déroulé'!B9 | G8: Micro pupitre
A9: Intervenant 2 | C9: Discours 2 | D9: ='Installation'!A11 | E9: ='Déroulé'!B12 | G9: Micro pupitre
A12: Remise de prix, dans l'ordre de remise
A13: Ordre | B13: Catégorie du prix | C13: Lauréat (entreprise) | D13: Personne qui monte sur scène | E13: Remettant du prix | F13: Trophée prêt (oui / non) | G13: Prononciation à vérifier
A14: 1
A15: 2
A16: 3
A17: 4
A18: 5
A20: Les noms des lauréats restent dans ce document interne jusqu'à l'annonce sur scène.

Sheet Plans B et contacts
A2: Plans B généraux et contacts du jour J
A3: À valider avec l'organisateur avant la répétition
A6: Situation | B6: Ce qu'on fait | C6: Décidé par
A7: Coupure de courant | B7: Groupe électrogène de l'hôtel : vérifier avec la technique du Sofitel le délai de reprise ; le maître de cérémonie annonce une courte pause | C7: Régisseur
A8: Panne de projection | B8: Ordinateur de secours branché, tous les supports et la vidéo sur clé USB ; programme imprimé pour le maître de cérémonie | C8: Régie
A9: Retard général de plus de 20 minutes | B9: On raccourcit le cocktail d'arrivée, puis chaque discours de 2 minutes ; la remise de prix n'est pas raccourcie | C9: Régisseur et organisateur
A10: Intervenant en retard ou absent | B10: On inverse les deux discours ; si les deux manquent, la vidéo passe après l'ouverture et on enchaîne sur la remise de prix | C10: Régisseur
A11: Incident de santé | B11: Personne formée aux premiers secours dans l'équipe, infirmerie ou médecin de l'hôtel à prévenir | C11: Responsable accueil
A12: Pluie (si cocktail en extérieur) | B12: Repli du cocktail dans le foyer de la salle | C12: Responsable accueil
A14: Contacts du jour J
A15: Rôle | B15: Nom | C15: Téléphone
A16: Régie
A17: Maître de cérémonie
A18: Technique son et lumière
A19: Accueil
A20: Remise de prix
A21: Traiteur et banquets
A22: Sécurité de l'hôtel
A23: Photographe et vidéaste
