Workbook

Sheet Tableau de bord
A1: Soirée de lancement de Gingembre Pétillant : suivi des inscriptions
A2: Jeudi 10 décembre 2026, 18 h 30, terrasse sur la lagune, Cocody | Inscriptions avant le lundi 7 décembre
A3: Dernière mise à jour depuis le formulaire : | C3: jamais
A5: Indicateur | B5: Valeur | C5: Objectif | D5: Où on en est
A6: Inscriptions reçues | B6: =COUNTA(Inscrits!$B$2:$B$1000)
A7: Présences annoncées (« Oui ») | B7: =COUNTIF(Inscrits!$I$2:$I$1000,"Oui") | C7: 180 | D7: =IFERROR(B7/C7,0)
A8: Ne viendront pas (gardent le contact) | B8: =COUNTIF(Inscrits!$I$2:$I$1000,"Non")
A9: Confirmations envoyées (plan d'accès) | B9: =COUNTIF(Inscrits!$N$2:$N$1000,"Oui") | C9: =B7 | D9: =IFERROR(B9/C9,0)
A10: Demandes d'interview (presse) | B10: =COUNTIF(Inscrits!$J$2:$J$1000,"?*") | C10: 6 | D10: =IFERROR(B10/C10,0)
A11: Refus du droit à l'image (badge à signaler) | B11: =COUNTIF(Inscrits!$L$2:$L$1000,"Non")
A13: Alerte du plan (moins de 60 % de l'objectif au 4 décembre) : | C13: =IF(AND(TODAY()>=DATE(2026,12,4),D7<0.6),"ALERTE : relancer les invités par téléphone",IF(D7>=1,"Objectif atteint","Pas d'alerte"))
A15: Profil | B15: Objectif | C15: Inscrits | D15: Présence annoncée | E15: % de l'objectif | F15: Statut
A16: Presse | B16: 30 | C16: =COUNTIF(Inscrits!$H$2:$H$1000,A16) | D16: =COUNTIFS(Inscrits!$H$2:$H$1000,A16,Inscrits!$I$2:$I$1000,"Oui") | E16: =IF(B16=0,"",D16/B16) | F16: =IF(B16=0,"",IF(E16>=1,"Atteint",IF(E16>=0.6,"En bonne voie","À relancer")))
A17: Distribution | B17: 50 | C17: =COUNTIF(Inscrits!$H$2:$H$1000,A17) | D17: =COUNTIFS(Inscrits!$H$2:$H$1000,A17,Inscrits!$I$2:$I$1000,"Oui") | E17: =IF(B17=0,"",D17/B17) | F17: =IF(B17=0,"",IF(E17>=1,"Atteint",IF(E17>=0.6,"En bonne voie","À relancer")))
A18: Créateurs de contenu | B18: 25 | C18: =COUNTIF(Inscrits!$H$2:$H$1000,A18) | D18: =COUNTIFS(Inscrits!$H$2:$H$1000,A18,Inscrits!$I$2:$I$1000,"Oui") | E18: =IF(B18=0,"",D18/B18) | F18: =IF(B18=0,"",IF(E18>=1,"Atteint",IF(E18>=0.6,"En bonne voie","À relancer")))
A19: Partenaires | B19: 75 | C19: =COUNTIF(Inscrits!$H$2:$H$1000,A19) | D19: =COUNTIFS(Inscrits!$H$2:$H$1000,A19,Inscrits!$I$2:$I$1000,"Oui") | E19: =IF(B19=0,"",D19/B19) | F19: =IF(B19=0,"",IF(E19>=1,"Atteint",IF(E19>=0.6,"En bonne voie","À relancer")))
A20: Autres invités | B20: 0 | C20: =COUNTIF(Inscrits!$H$2:$H$1000,A20) | D20: =COUNTIFS(Inscrits!$H$2:$H$1000,A20,Inscrits!$I$2:$I$1000,"Oui") | E20: =IF(B20=0,"",D20/B20) | F20: =IF(B20=0,"",IF(E20>=1,"Atteint",IF(E20>=0.6,"En bonne voie","À relancer")))
A21: Total | B21: =SUM(B16:B20) | C21: =SUM(C16:C20) | D21: =SUM(D16:D20) | E21: =IFERROR(D21/B21,0)
A23: Le jour J (émargement) | B23: Valeur | C23: Objectif | D23: Où on en est
A24: Présents le 10 décembre | B24: =COUNTIF(Inscrits!$O$2:$O$1000,"Oui")
A25: Taux de présence (présents sur présences annoncées) | B25: =IFERROR(B24/B7,0) | C25: 0.7 | D25: =IF(B24=0,"Rempli le soir même",IF(B25>=C25,"Objectif atteint","Sous l'objectif"))
A28: Mode d'emploi
A29: • Les onglets « Tableau de bord » et « Suivi par jour » se calculent seuls : ne rien y saisir.
A30: • L'onglet « Inscrits » se remplit automatiquement depuis le formulaire (colonnes A à M) : ne pas les modifier, ni trier, ni supprimer de ligne.
A31: • Colonnes N à P, à remplir par l'équipe : confirmation envoyée (Oui/Non), présent le 10 décembre (Oui/Non, le soir même à l'accueil), notes.
A32: • Les inscriptions de test (prénom « TEST ») ne sont pas reprises.

Sheet Suivi par jour
A1: Date | B1: Nouvelles inscriptions | C1: Cumul des inscriptions | D1: Cumul des présences annoncées | E1: % de l'objectif (180) | F1: Trajectoire visée | G1: Où on en est
A2: 46314 | B2: =COUNTIFS(Inscrits!$A$2:$A$1000,">="&A2,Inscrits!$A$2:$A$1000,"<"&A2+1) | C2: =COUNTIFS(Inscrits!$A$2:$A$1000,"<"&A2+1) | D2: =COUNTIFS(Inscrits!$A$2:$A$1000,"<"&A2+1,Inscrits!$I$2:$I$1000,"Oui") | E2: =D2/180 | F2: =MAX(0,MIN(1,(A2-DATE(2026,11,16))/(DATE(2026,12,7)-DATE(2026,11,16)))) | G2: =IF(A2>TODAY(),"",IF(E2>=F2,"Dans les temps","En retard"))
A3: 46315 | B3: =COUNTIFS(Inscrits!$A$2:$A$1000,">="&A3,Inscrits!$A$2:$A$1000,"<"&A3+1) | C3: =COUNTIFS(Inscrits!$A$2:$A$1000,"<"&A3+1) | D3: =COUNTIFS(Inscrits!$A$2:$A$1000,"<"&A3+1,Inscrits!$I$2:$I$1000,"Oui") | E3: =D3/180 | F3: =MAX(0,MIN(1,(A3-DATE(2026,11,16))/(DATE(2026,12,7)-DATE(2026,11,16)))) | G3: =IF(A3>TODAY(),"",IF(E3>=F3,"Dans les temps","En retard"))
A4: 46316 | B4: =COUNTIFS(Inscrits!$A$2:$A$1000,">="&A4,Inscrits!$A$2:$A$1000,"<"&A4+1) | C4: =COUNTIFS(Inscrits!$A$2:$A$1000,"<"&A4+1) | D4: =COUNTIFS(Inscrits!$A$2:$A$1000,"<"&A4+1,Inscrits!$I$2:$I$1000,"Oui") | E4: =D4/180 | F4: =MAX(0,MIN(1,(A4-DATE(2026,11,16))/(DATE(2026,12,7)-DATE(2026,11,16)))) | G4: =IF(A4>TODAY(),"",IF(E4>=F4,"Dans les temps","En retard"))
A5: 46317 | B5: =COUNTIFS(Inscrits!$A$2:$A$1000,">="&A5,Inscrits!$A$2:$A$1000,"<"&A5+1) | C5: =COUNTIFS(Inscrits!$A$2:$A$1000,"<"&A5+1) | D5: =COUNTIFS(Inscrits!$A$2:$A$1000,"<"&A5+1,Inscrits!$I$2:$I$1000,"Oui") | E5: =D5/180 | F5: =MAX(0,MIN(1,(A5-DATE(2026,11,16))/(DATE(2026,12,7)-DATE(2026,11,16)))) | G5: =IF(A5>TODAY(),"",IF(E5>=F5,"Dans les temps","En retard"))
A6: 46318 | B6: =COUNTIFS(Inscrits!$A$2:$A$1000,">="&A6,Inscrits!$A$2:$A$1000,"<"&A6+1) | C6: =COUNTIFS(Inscrits!$A$2:$A$1000,"<"&A6+1) | D6: =COUNTIFS(Inscrits!$A$2:$A$1000,"<"&A6+1,Inscrits!$I$2:$I$1000,"Oui") | E6: =D6/180 | F6: =MAX(0,MIN(1,(A6-DATE(2026,11,16))/(DATE(2026,12,7)-DATE(2026,11,16)))) | G6: =IF(A6>TODAY(),"",IF(E6>=F6,"Dans les temps","En retard"))
A7: 46319 | B7: =COUNTIFS(Inscrits!$A$2:$A$1000,">="&A7,Inscrits!$A$2:$A$1000,"<"&A7+1) | C7: =COUNTIFS(Inscrits!$A$2:$A$1000,"<"&A7+1) | D7: =COUNTIFS(Inscrits!$A$2:$A$1000,"<"&A7+1,Inscrits!$I$2:$I$1000,"Oui") | E7: =D7/180 | F7: =MAX(0,MIN(1,(A7-DATE(2026,11,16))/(DATE(2026,12,7)-DATE(2026,11,16)))) | G7: =IF(A7>TODAY(),"",IF(E7>=F7,"Dans les temps","En retard"))
A8: 46320 | B8: =COUNTIFS(Inscrits!$A$2:$A$1000,">="&A8,Inscrits!$A$2:$A$1000,"<"&A8+1) | C8: =COUNTIFS(Inscrits!$A$2:$A$1000,"<"&A8+1) | D8: =COUNTIFS(Inscrits!$A$2:$A$1000,"<"&A8+1,Inscrits!$I$2:$I$1000,"Oui") | E8: =D8/180 | F8: =MAX(0,MIN(1,(A8-DATE(2026,11,16))/(DATE(2026,12,7)-DATE(2026,11,16)))) | G8: =IF(A8>TODAY(),"",IF(E8>=F8,"Dans les temps","En retard"))
A9: 46321 | B9: =COUNTIFS(Inscrits!$A$2:$A$1000,">="&A9,Inscrits!$A$2:$A$1000,"<"&A9+1) | C9: =COUNTIFS(Inscrits!$A$2:$A$1000,"<"&A9+1) | D9: =COUNTIFS(Inscrits!$A$2:$A$1000,"<"&A9+1,Inscrits!$I$2:$I$1000,"Oui") | E9: =D9/180 | F9: =MAX(0,MIN(1,(A9-DATE(2026,11,16))/(DATE(2026,12,7)-DATE(2026,11,16)))) | G9: =IF(A9>TODAY(),"",IF(E9>=F9,"Dans les temps","En retard"))
A10: 46322 | B10: =COUNTIFS(Inscrits!$A$2:$A$1000,">="&A10,Inscrits!$A$2:$A$1000,"<"&A10+1) | C10: =COUNTIFS(Inscrits!$A$2:$A$1000,"<"&A10+1) | D10: =COUNTIFS(Inscrits!$A$2:$A$1000,"<"&A10+1,Inscrits!$I$2:$I$1000,"Oui") | E10: =D10/180 | F10: =MAX(0,MIN(1,(A10-DATE(2026,11,16))/(DATE(2026,12,7)-DATE(2026,11,16)))) | G10: =IF(A10>TODAY(),"",IF(E10>=F10,"Dans les temps","En retard"))
A11: 46323 | B11: =COUNTIFS(Inscrits!$A$2:$A$1000,">="&A11,Inscrits!$A$2:$A$1000,"<"&A11+1) | C11: =COUNTIFS(Inscrits!$A$2:$A$1000,"<"&A11+1) | D11: =COUNTIFS(Inscrits!$A$2:$A$1000,"<"&A11+1,Inscrits!$I$2:$I$1000,"Oui") | E11: =D11/180 | F11: =MAX(0,MIN(1,(A11-DATE(2026,11,16))/(DATE(2026,12,7)-DATE(2026,11,16)))) | G11: =IF(A11>TODAY(),"",IF(E11>=F11,"Dans les temps","En retard"))
A12: 46324 | B12: =COUNTIFS(Inscrits!$A$2:$A$1000,">="&A12,Inscrits!$A$2:$A$1000,"<"&A12+1) | C12: =COUNTIFS(Inscrits!$A$2:$A$1000,"<"&A12+1) | D12: =COUNTIFS(Inscrits!$A$2:$A$1000,"<"&A12+1,Inscrits!$I$2:$I$1000,"Oui") | E12: =D12/180 | F12: =MAX(0,MIN(1,(A12-DATE(2026,11,16))/(DATE(2026,12,7)-DATE(2026,11,16)))) | G12: =IF(A12>TODAY(),"",IF(E12>=F12,"Dans les temps","En retard"))
A13: 46325 | B13: =COUNTIFS(Inscrits!$A$2:$A$1000,">="&A13,Inscrits!$A$2:$A$1000,"<"&A13+1) | C13: =COUNTIFS(Inscrits!$A$2:$A$1000,"<"&A13+1) | D13: =COUNTIFS(Inscrits!$A$2:$A$1000,"<"&A13+1,Inscrits!$I$2:$I$1000,"Oui") | E13: =D13/180 | F13: =MAX(0,MIN(1,(A13-DATE(2026,11,16))/(DATE(2026,12,7)-DATE(2026,11,16)))) | G13: =IF(A13>TODAY(),"",IF(E13>=F13,"Dans les temps","En retard"))
... A54: 46366 | B54: =COUNTIFS(Inscrits!$A$2:$A$1000,">="&A54,Inscrits!$A$2:$A$1000,"<"&A54+1) | C54: =COUNTIFS(Inscrits!$A$2:$A$1000,"<"&A54+1) | D54: =COUNTIFS(Inscrits!$A$2:$A$1000,"<"&A54+1,Inscrits!$I$2:$I$1000,"Oui") | E54: =D54/180 | F54: =MAX(0,MIN(1,(A54-DATE(2026,11,16))/(DATE(2026,12,7)-DATE(2026,11,16)))) | G54: =IF(A54>TODAY(),"",IF(E54>=F54,"Dans les temps","En retard"))

Sheet Inscrits
A1: Date d'inscription | B1: Prénom | C1: Nom | D1: E-mail | E1: Téléphone | F1: Entreprise, média ou structure | G1: Fonction | H1: Profil | I1: Présence annoncée | J1: Demande d'interview | K1: Contrainte ou besoin | L1: Droit à l'image | M1: Accord données | N1: Confirmation envoyée | O1: Présent le 10 déc. | P1: Notes
