Workbook

Sheet Synthèse
A1: Suivi de la campagne
A2: Coris Bank International Côte d'Ivoire · Banque des Entreprises · crédit d'équipement
A5: Indicateur | B5: Nombre
A6: Dirigeants saisis | B6: =COUNTA(Dirigeants!D5:D64)
A7: E-mails prêts (prénom et entreprise saisis) | B7: =COUNTIF(Dirigeants!L5:L64,"?*")
A8: Contacts à vérifier avant envoi | B8: =COUNTIF(Dirigeants!H5:H64,"Contact à vérifier")
A9: Validés | B9: =COUNTIF(Dirigeants!N5:N64,"Validé")
A10: Envoyés | B10: =COUNTIF(Dirigeants!N5:N64,"Envoyé")+COUNTIF(Dirigeants!N5:N64,"Relancé")+COUNTIF(Dirigeants!N5:N64,"Rendez-vous pris")+COUNTIF(Dirigeants!N5:N64,"Pas intéressé")
A11: Relancés | B11: =COUNTIF(Dirigeants!N5:N64,"Relancé")
A12: Rendez-vous pris | B12: =COUNTIF(Dirigeants!N5:N64,"Rendez-vous pris")
A13: Pas intéressés | B13: =COUNTIF(Dirigeants!N5:N64,"Pas intéressé")
A14: Ne plus contacter | B14: =COUNTIF(Dirigeants!N5:N64,"Ne plus contacter")
A17: Secteur | B17: Dirigeants
A18: BTP et génie civil | B18: =COUNTIF(Dirigeants!E5:E64,A18)
A19: Transport et logistique | B19: =COUNTIF(Dirigeants!E5:E64,A19)
A20: Agro-industrie et transformation | B20: =COUNTIF(Dirigeants!E5:E64,A20)
A21: Commerce et distribution | B21: =COUNTIF(Dirigeants!E5:E64,A21)
A22: Santé (clinique, laboratoire, cabinet) | B22: =COUNTIF(Dirigeants!E5:E64,A22)
A23: Hôtellerie et restauration | B23: =COUNTIF(Dirigeants!E5:E64,A23)
A24: Industrie et production | B24: =COUNTIF(Dirigeants!E5:E64,A24)
A25: Imprimerie et communication | B25: =COUNTIF(Dirigeants!E5:E64,A25)
A26: Services numériques et télécoms | B26: =COUNTIF(Dirigeants!E5:E64,A26)
A27: Agriculture et élevage | B27: =COUNTIF(Dirigeants!E5:E64,A27)
A28: Éducation et formation | B28: =COUNTIF(Dirigeants!E5:E64,A28)
A29: Autre secteur | B29: =COUNTIF(Dirigeants!E5:E64,A29)

Sheet Dirigeants
A1: Crédit d'équipement · 60 dirigeants de PME
A2: Remplir les colonnes B à J : l'objet, l'e-mail et la relance s'écrivent seuls. Relire chaque e-mail avant envoi.
A4: N° | B4: Prénom | C4: Nom | D4: Entreprise | E4: Secteur | F4: E-mail du dirigeant | G4: Ville | H4: Relation avec la banque | I4: Phrase personnelle (facultatif) | J4: Objet (variante) | K4: Objet de l'e-mail | L4: E-mail personnalisé | M4: Relance à J+7 | N4: Statut | O4: Date d'envoi | P4: Date de relance | Q4: Réponse / suite
A5: 1 | J5: A | K5: =IF(OR(B5="",D5=""),"",IF(J5="B",B5&", un financement pour "&IFERROR(VLOOKUP(E5,Secteurs!$A$5:$C$16,2,FALSE),"vos projets"),D5&" : un financement pour vos prochains équipements")) | L5: =IF(OR(B5="",D5=""),"","Bonjour "&B5&","&CHAR(10)&CHAR(10)&"Je suis "&'Paramètres'!$B$5&", à la "&'Paramètres'!$B$6&" de "&'Paramètres'!$B$7&"."&IF(I5=""," "," "&I5&" ")&CHAR(10)&CHAR(10)&IFERROR(VLOOKUP(E5,Secteurs!$A$5:$C$16,3,FALSE),Secteurs!$C$16)&CHAR(10)&CHAR(10)&SUBSTITUTE('Paramètres'!$B$12,"{E}",D5)&CHAR(10)&CHAR(10)&'Paramètres'!$B$13&CHAR(10)&CHAR(10)&"Bien cordialement,"&CHAR(10)&'Paramètres'!$B$5&IF('Paramètres'!$B$8="",""," "&'Paramètres'!$B$8)&CHAR(10)&'Paramètres'!$B$6&", "&'Paramètres'!$B$7&IF('Paramètres'!$B$9="","",CHAR(10)&'Paramètres'!$B$9)&IF('Paramètres'!$B$10="","",CHAR(10)&'Paramètres'!$B$10)&CHAR(10)&CHAR(10)&'Paramètres'!$B$14) | M5: =IF(OR(B5="",D5=""),"","Bonjour "&B5&","&CHAR(10)&CHAR(10)&SUBSTITUTE('Paramètres'!$B$15,"{E}",D5)&CHAR(10)&CHAR(10)&"Bien cordialement,"&CHAR(10)&'Paramètres'!$B$5) | N5: À compléter | P5: =IF(O5="","",O5+7)
A6: 2 | J6: A | K6: =IF(OR(B6="",D6=""),"",IF(J6="B",B6&", un financement pour "&IFERROR(VLOOKUP(E6,Secteurs!$A$5:$C$16,2,FALSE),"vos projets"),D6&" : un financement pour vos prochains équipements")) | L6: =IF(OR(B6="",D6=""),"","Bonjour "&B6&","&CHAR(10)&CHAR(10)&"Je suis "&'Paramètres'!$B$5&", à la "&'Paramètres'!$B$6&" de "&'Paramètres'!$B$7&"."&IF(I6=""," "," "&I6&" ")&CHAR(10)&CHAR(10)&IFERROR(VLOOKUP(E6,Secteurs!$A$5:$C$16,3,FALSE),Secteurs!$C$16)&CHAR(10)&CHAR(10)&SUBSTITUTE('Paramètres'!$B$12,"{E}",D6)&CHAR(10)&CHAR(10)&'Paramètres'!$B$13&CHAR(10)&CHAR(10)&"Bien cordialement,"&CHAR(10)&'Paramètres'!$B$5&IF('Paramètres'!$B$8="",""," "&'Paramètres'!$B$8)&CHAR(10)&'Paramètres'!$B$6&", "&'Paramètres'!$B$7&IF('Paramètres'!$B$9="","",CHAR(10)&'Paramètres'!$B$9)&IF('Paramètres'!$B$10="","",CHAR(10)&'Paramètres'!$B$10)&CHAR(10)&CHAR(10)&'Paramètres'!$B$14) | M6: =IF(OR(B6="",D6=""),"","Bonjour "&B6&","&CHAR(10)&CHAR(10)&SUBSTITUTE('Paramètres'!$B$15,"{E}",D6)&CHAR(10)&CHAR(10)&"Bien cordialement,"&CHAR(10)&'Paramètres'!$B$5) | N6: À compléter | P6: =IF(O6="","",O6+7)
A7: 3 | J7: A | K7: =IF(OR(B7="",D7=""),"",IF(J7="B",B7&", un financement pour "&IFERROR(VLOOKUP(E7,Secteurs!$A$5:$C$16,2,FALSE),"vos projets"),D7&" : un financement pour vos prochains équipements")) | L7: =IF(OR(B7="",D7=""),"","Bonjour "&B7&","&CHAR(10)&CHAR(10)&"Je suis "&'Paramètres'!$B$5&", à la "&'Paramètres'!$B$6&" de "&'Paramètres'!$B$7&"."&IF(I7=""," "," "&I7&" ")&CHAR(10)&CHAR(10)&IFERROR(VLOOKUP(E7,Secteurs!$A$5:$C$16,3,FALSE),Secteurs!$C$16)&CHAR(10)&CHAR(10)&SUBSTITUTE('Paramètres'!$B$12,"{E}",D7)&CHAR(10)&CHAR(10)&'Paramètres'!$B$13&CHAR(10)&CHAR(10)&"Bien cordialement,"&CHAR(10)&'Paramètres'!$B$5&IF('Paramètres'!$B$8="",""," "&'Paramètres'!$B$8)&CHAR(10)&'Paramètres'!$B$6&", "&'Paramètres'!$B$7&IF('Paramètres'!$B$9="","",CHAR(10)&'Paramètres'!$B$9)&IF('Paramètres'!$B$10="","",CHAR(10)&'Paramètres'!$B$10)&CHAR(10)&CHAR(10)&'Paramètres'!$B$14) | M7: =IF(OR(B7="",D7=""),"","Bonjour "&B7&","&CHAR(10)&CHAR(10)&SUBSTITUTE('Paramètres'!$B$15,"{E}",D7)&CHAR(10)&CHAR(10)&"Bien cordialement,"&CHAR(10)&'Paramètres'!$B$5) | N7: À compléter | P7: =IF(O7="","",O7+7)
A8: 4 | J8: A | K8: =IF(OR(B8="",D8=""),"",IF(J8="B",B8&", un financement pour "&IFERROR(VLOOKUP(E8,Secteurs!$A$5:$C$16,2,FALSE),"vos projets"),D8&" : un financement pour vos prochains équipements")) | L8: =IF(OR(B8="",D8=""),"","Bonjour "&B8&","&CHAR(10)&CHAR(10)&"Je suis "&'Paramètres'!$B$5&", à la "&'Paramètres'!$B$6&" de "&'Paramètres'!$B$7&"."&IF(I8=""," "," "&I8&" ")&CHAR(10)&CHAR(10)&IFERROR(VLOOKUP(E8,Secteurs!$A$5:$C$16,3,FALSE),Secteurs!$C$16)&CHAR(10)&CHAR(10)&SUBSTITUTE('Paramètres'!$B$12,"{E}",D8)&CHAR(10)&CHAR(10)&'Paramètres'!$B$13&CHAR(10)&CHAR(10)&"Bien cordialement,"&CHAR(10)&'Paramètres'!$B$5&IF('Paramètres'!$B$8="",""," "&'Paramètres'!$B$8)&CHAR(10)&'Paramètres'!$B$6&", "&'Paramètres'!$B$7&IF('Paramètres'!$B$9="","",CHAR(10)&'Paramètres'!$B$9)&IF('Paramètres'!$B$10="","",CHAR(10)&'Paramètres'!$B$10)&CHAR(10)&CHAR(10)&'Paramètres'!$B$14) | M8: =IF(OR(B8="",D8=""),"","Bonjour "&B8&","&CHAR(10)&CHAR(10)&SUBSTITUTE('Paramètres'!$B$15,"{E}",D8)&CHAR(10)&CHAR(10)&"Bien cordialement,"&CHAR(10)&'Paramètres'!$B$5) | N8: À compléter | P8: =IF(O8="","",O8+7)
A9: 5 | J9: A | K9: =IF(OR(B9="",D9=""),"",IF(J9="B",B9&", un financement pour "&IFERROR(VLOOKUP(E9,Secteurs!$A$5:$C$16,2,FALSE),"vos projets"),D9&" : un financement pour vos prochains équipements")) | L9: =IF(OR(B9="",D9=""),"","Bonjour "&B9&","&CHAR(10)&CHAR(10)&"Je suis "&'Paramètres'!$B$5&", à la "&'Paramètres'!$B$6&" de "&'Paramètres'!$B$7&"."&IF(I9=""," "," "&I9&" ")&CHAR(10)&CHAR(10)&IFERROR(VLOOKUP(E9,Secteurs!$A$5:$C$16,3,FALSE),Secteurs!$C$16)&CHAR(10)&CHAR(10)&SUBSTITUTE('Paramètres'!$B$12,"{E}",D9)&CHAR(10)&CHAR(10)&'Paramètres'!$B$13&CHAR(10)&CHAR(10)&"Bien cordialement,"&CHAR(10)&'Paramètres'!$B$5&IF('Paramètres'!$B$8="",""," "&'Paramètres'!$B$8)&CHAR(10)&'Paramètres'!$B$6&", "&'Paramètres'!$B$7&IF('Paramètres'!$B$9="","",CHAR(10)&'Paramètres'!$B$9)&IF('Paramètres'!$B$10="","",CHAR(10)&'Paramètres'!$B$10)&CHAR(10)&CHAR(10)&'Paramètres'!$B$14) | M9: =IF(OR(B9="",D9=""),"","Bonjour "&B9&","&CHAR(10)&CHAR(10)&SUBSTITUTE('Paramètres'!$B$15,"{E}",D9)&CHAR(10)&CHAR(10)&"Bien cordialement,"&CHAR(10)&'Paramètres'!$B$5) | N9: À compléter | P9: =IF(O9="","",O9+7)
A10: 6 | J10: A | K10: =IF(OR(B10="",D10=""),"",IF(J10="B",B10&", un financement pour "&IFERROR(VLOOKUP(E10,Secteurs!$A$5:$C$16,2,FALSE),"vos projets"),D10&" : un financement pour vos prochains équipements")) | L10: =IF(OR(B10="",D10=""),"","Bonjour "&B10&","&CHAR(10)&CHAR(10)&"Je suis "&'Paramètres'!$B$5&", à la "&'Paramètres'!$B$6&" de "&'Paramètres'!$B$7&"."&IF(I10=""," "," "&I10&" ")&CHAR(10)&CHAR(10)&IFERROR(VLOOKUP(E10,Secteurs!$A$5:$C$16,3,FALSE),Secteurs!$C$16)&CHAR(10)&CHAR(10)&SUBSTITUTE('Paramètres'!$B$12,"{E}",D10)&CHAR(10)&CHAR(10)&'Paramètres'!$B$13&CHAR(10)&CHAR(10)&"Bien cordialement,"&CHAR(10)&'Paramètres'!$B$5&IF('Paramètres'!$B$8="",""," "&'Paramètres'!$B$8)&CHAR(10)&'Paramètres'!$B$6&", "&'Paramètres'!$B$7&IF('Paramètres'!$B$9="","",CHAR(10)&'Paramètres'!$B$9)&IF('Paramètres'!$B$10="","",CHAR(10)&'Paramètres'!$B$10)&CHAR(10)&CHAR(10)&'Paramètres'!$B$14) | M10: =IF(OR(B10="",D10=""),"","Bonjour "&B10&","&CHAR(10)&CHAR(10)&SUBSTITUTE('Paramètres'!$B$15,"{E}",D10)&CHAR(10)&CHAR(10)&"Bien cordialement,"&CHAR(10)&'Paramètres'!$B$5) | N10: À compléter | P10: =IF(O10="","",O10+7)
A11: 7 | J11: A | K11: =IF(OR(B11="",D11=""),"",IF(J11="B",B11&", un financement pour "&IFERROR(VLOOKUP(E11,Secteurs!$A$5:$C$16,2,FALSE),"vos projets"),D11&" : un financement pour vos prochains équipements")) | L11: =IF(OR(B11="",D11=""),"","Bonjour "&B11&","&CHAR(10)&CHAR(10)&"Je suis "&'Paramètres'!$B$5&", à la "&'Paramètres'!$B$6&" de "&'Paramètres'!$B$7&"."&IF(I11=""," "," "&I11&" ")&CHAR(10)&CHAR(10)&IFERROR(VLOOKUP(E11,Secteurs!$A$5:$C$16,3,FALSE),Secteurs!$C$16)&CHAR(10)&CHAR(10)&SUBSTITUTE('Paramètres'!$B$12,"{E}",D11)&CHAR(10)&CHAR(10)&'Paramètres'!$B$13&CHAR(10)&CHAR(10)&"Bien cordialement,"&CHAR(10)&'Paramètres'!$B$5&IF('Paramètres'!$B$8="",""," "&'Paramètres'!$B$8)&CHAR(10)&'Paramètres'!$B$6&", "&'Paramètres'!$B$7&IF('Paramètres'!$B$9="","",CHAR(10)&'Paramètres'!$B$9)&IF('Paramètres'!$B$10="","",CHAR(10)&'Paramètres'!$B$10)&CHAR(10)&CHAR(10)&'Paramètres'!$B$14) | M11: =IF(OR(B11="",D11=""),"","Bonjour "&B11&","&CHAR(10)&CHAR(10)&SUBSTITUTE('Paramètres'!$B$15,"{E}",D11)&CHAR(10)&CHAR(10)&"Bien cordialement,"&CHAR(10)&'Paramètres'!$B$5) | N11: À compléter | P11: =IF(O11="","",O11+7)
A12: 8 | J12: A | K12: =IF(OR(B12="",D12=""),"",IF(J12="B",B12&", un financement pour "&IFERROR(VLOOKUP(E12,Secteurs!$A$5:$C$16,2,FALSE),"vos projets"),D12&" : un financement pour vos prochains équipements")) | L12: =IF(OR(B12="",D12=""),"","Bonjour "&B12&","&CHAR(10)&CHAR(10)&"Je suis "&'Paramètres'!$B$5&", à la "&'Paramètres'!$B$6&" de "&'Paramètres'!$B$7&"."&IF(I12=""," "," "&I12&" ")&CHAR(10)&CHAR(10)&IFERROR(VLOOKUP(E12,Secteurs!$A$5:$C$16,3,FALSE),Secteurs!$C$16)&CHAR(10)&CHAR(10)&SUBSTITUTE('Paramètres'!$B$12,"{E}",D12)&CHAR(10)&CHAR(10)&'Paramètres'!$B$13&CHAR(10)&CHAR(10)&"Bien cordialement,"&CHAR(10)&'Paramètres'!$B$5&IF('Paramètres'!$B$8="",""," "&'Paramètres'!$B$8)&CHAR(10)&'Paramètres'!$B$6&", "&'Paramètres'!$B$7&IF('Paramètres'!$B$9="","",CHAR(10)&'Paramètres'!$B$9)&IF('Paramètres'!$B$10="","",CHAR(10)&'Paramètres'!$B$10)&CHAR(10)&CHAR(10)&'Paramètres'!$B$14) | M12: =IF(OR(B12="",D12=""),"","Bonjour "&B12&","&CHAR(10)&CHAR(10)&SUBSTITUTE('Paramètres'!$B$15,"{E}",D12)&CHAR(10)&CHAR(10)&"Bien cordialement,"&CHAR(10)&'Paramètres'!$B$5) | N12: À compléter | P12: =IF(O12="","",O12+7)
A13: 9 | J13: A | K13: =IF(OR(B13="",D13=""),"",IF(J13="B",B13&", un financement pour "&IFERROR(VLOOKUP(E13,Secteurs!$A$5:$C$16,2,FALSE),"vos projets"),D13&" : un financement pour vos prochains équipements")) | L13: =IF(OR(B13="",D13=""),"","Bonjour "&B13&","&CHAR(10)&CHAR(10)&"Je suis "&'Paramètres'!$B$5&", à la "&'Paramètres'!$B$6&" de "&'Paramètres'!$B$7&"."&IF(I13=""," "," "&I13&" ")&CHAR(10)&CHAR(10)&IFERROR(VLOOKUP(E13,Secteurs!$A$5:$C$16,3,FALSE),Secteurs!$C$16)&CHAR(10)&CHAR(10)&SUBSTITUTE('Paramètres'!$B$12,"{E}",D13)&CHAR(10)&CHAR(10)&'Paramètres'!$B$13&CHAR(10)&CHAR(10)&"Bien cordialement,"&CHAR(10)&'Paramètres'!$B$5&IF('Paramètres'!$B$8="",""," "&'Paramètres'!$B$8)&CHAR(10)&'Paramètres'!$B$6&", "&'Paramètres'!$B$7&IF('Paramètres'!$B$9="","",CHAR(10)&'Paramètres'!$B$9)&IF('Paramètres'!$B$10="","",CHAR(10)&'Paramètres'!$B$10)&CHAR(10)&CHAR(10)&'Paramètres'!$B$14) | M13: =IF(OR(B13="",D13=""),"","Bonjour "&B13&","&CHAR(10)&CHAR(10)&SUBSTITUTE('Paramètres'!$B$15,"{E}",D13)&CHAR(10)&CHAR(10)&"Bien cordialement,"&CHAR(10)&'Paramètres'!$B$5) | N13: À compléter | P13: =IF(O13="","",O13+7)
A14: 10 | J14: A | K14: =IF(OR(B14="",D14=""),"",IF(J14="B",B14&", un financement pour "&IFERROR(VLOOKUP(E14,Secteurs!$A$5:$C$16,2,FALSE),"vos projets"),D14&" : un financement pour vos prochains équipements")) | L14: =IF(OR(B14="",D14=""),"","Bonjour "&B14&","&CHAR(10)&CHAR(10)&"Je suis "&'Paramètres'!$B$5&", à la "&'Paramètres'!$B$6&" de "&'Paramètres'!$B$7&"."&IF(I14=""," "," "&I14&" ")&CHAR(10)&CHAR(10)&IFERROR(VLOOKUP(E14,Secteurs!$A$5:$C$16,3,FALSE),Secteurs!$C$16)&CHAR(10)&CHAR(10)&SUBSTITUTE('Paramètres'!$B$12,"{E}",D14)&CHAR(10)&CHAR(10)&'Paramètres'!$B$13&CHAR(10)&CHAR(10)&"Bien cordialement,"&CHAR(10)&'Paramètres'!$B$5&IF('Paramètres'!$B$8="",""," "&'Paramètres'!$B$8)&CHAR(10)&'Paramètres'!$B$6&", "&'Paramètres'!$B$7&IF('Paramètres'!$B$9="","",CHAR(10)&'Paramètres'!$B$9)&IF('Paramètres'!$B$10="","",CHAR(10)&'Paramètres'!$B$10)&CHAR(10)&CHAR(10)&'Paramètres'!$B$14) | M14: =IF(OR(B14="",D14=""),"","Bonjour "&B14&","&CHAR(10)&CHAR(10)&SUBSTITUTE('Paramètres'!$B$15,"{E}",D14)&CHAR(10)&CHAR(10)&"Bien cordialement,"&CHAR(10)&'Paramètres'!$B$5) | N14: À compléter | P14: =IF(O14="","",O14+7)
A15: 11 | J15: A | K15: =IF(OR(B15="",D15=""),"",IF(J15="B",B15&", un financement pour "&IFERROR(VLOOKUP(E15,Secteurs!$A$5:$C$16,2,FALSE),"vos projets"),D15&" : un financement pour vos prochains équipements")) | L15: =IF(OR(B15="",D15=""),"","Bonjour "&B15&","&CHAR(10)&CHAR(10)&"Je suis "&'Paramètres'!$B$5&", à la "&'Paramètres'!$B$6&" de "&'Paramètres'!$B$7&"."&IF(I15=""," "," "&I15&" ")&CHAR(10)&CHAR(10)&IFERROR(VLOOKUP(E15,Secteurs!$A$5:$C$16,3,FALSE),Secteurs!$C$16)&CHAR(10)&CHAR(10)&SUBSTITUTE('Paramètres'!$B$12,"{E}",D15)&CHAR(10)&CHAR(10)&'Paramètres'!$B$13&CHAR(10)&CHAR(10)&"Bien cordialement,"&CHAR(10)&'Paramètres'!$B$5&IF('Paramètres'!$B$8="",""," "&'Paramètres'!$B$8)&CHAR(10)&'Paramètres'!$B$6&", "&'Paramètres'!$B$7&IF('Paramètres'!$B$9="","",CHAR(10)&'Paramètres'!$B$9)&IF('Paramètres'!$B$10="","",CHAR(10)&'Paramètres'!$B$10)&CHAR(10)&CHAR(10)&'Paramètres'!$B$14) | M15: =IF(OR(B15="",D15=""),"","Bonjour "&B15&","&CHAR(10)&CHAR(10)&SUBSTITUTE('Paramètres'!$B$15,"{E}",D15)&CHAR(10)&CHAR(10)&"Bien cordialement,"&CHAR(10)&'Paramètres'!$B$5) | N15: À compléter | P15: =IF(O15="","",O15+7)
A16: 12 | J16: A | K16: =IF(OR(B16="",D16=""),"",IF(J16="B",B16&", un financement pour "&IFERROR(VLOOKUP(E16,Secteurs!$A$5:$C$16,2,FALSE),"vos projets"),D16&" : un financement pour vos prochains équipements")) | L16: =IF(OR(B16="",D16=""),"","Bonjour "&B16&","&CHAR(10)&CHAR(10)&"Je suis "&'Paramètres'!$B$5&", à la "&'Paramètres'!$B$6&" de "&'Paramètres'!$B$7&"."&IF(I16=""," "," "&I16&" ")&CHAR(10)&CHAR(10)&IFERROR(VLOOKUP(E16,Secteurs!$A$5:$C$16,3,FALSE),Secteurs!$C$16)&CHAR(10)&CHAR(10)&SUBSTITUTE('Paramètres'!$B$12,"{E}",D16)&CHAR(10)&CHAR(10)&'Paramètres'!$B$13&CHAR(10)&CHAR(10)&"Bien cordialement,"&CHAR(10)&'Paramètres'!$B$5&IF('Paramètres'!$B$8="",""," "&'Paramètres'!$B$8)&CHAR(10)&'Paramètres'!$B$6&", "&'Paramètres'!$B$7&IF('Paramètres'!$B$9="","",CHAR(10)&'Paramètres'!$B$9)&IF('Paramètres'!$B$10="","",CHAR(10)&'Paramètres'!$B$10)&CHAR(10)&CHAR(10)&'Paramètres'!$B$14) | M16: =IF(OR(B16="",D16=""),"","Bonjour "&B16&","&CHAR(10)&CHAR(10)&SUBSTITUTE('Paramètres'!$B$15,"{E}",D16)&CHAR(10)&CHAR(10)&"Bien cordialement,"&CHAR(10)&'Paramètres'!$B$5) | N16: À compléter | P16: =IF(O16="","",O16+7)
... A64: 60 | J64: A | K64: =IF(OR(B64="",D64=""),"",IF(J64="B",B64&", un financement pour "&IFERROR(VLOOKUP(E64,Secteurs!$A$5:$C$16,2,FALSE),"vos projets"),D64&" : un financement pour vos prochains équipements")) | L64: =IF(OR(B64="",D64=""),"","Bonjour "&B64&","&CHAR(10)&CHAR(10)&"Je suis "&'Paramètres'!$B$5&", à la "&'Paramètres'!$B$6&" de "&'Paramètres'!$B$7&"."&IF(I64=""," "," "&I64&" ")&CHAR(10)&CHAR(10)&IFERROR(VLOOKUP(E64,Secteurs!$A$5:$C$16,3,FALSE),Secteurs!$C$16)&CHAR(10)&CHAR(10)&SUBSTITUTE('Paramètres'!$B$12,"{E}",D64)&CHAR(10)&CHAR(10)&'Paramètres'!$B$13&CHAR(10)&CHAR(10)&"Bien cordialement,"&CHAR(10)&'Paramètres'!$B$5&IF('Paramètres'!$B$8="",""," "&'Paramètres'!$B$8)&CHAR(10)&'Paramètres'!$B$6&", "&'Paramètres'!$B$7&IF('Paramètres'!$B$9="","",CHAR(10)&'Paramètres'!$B$9)&IF('Paramètres'!$B$10="","",CHAR(10)&'Paramètres'!$B$10)&CHAR(10)&CHAR(10)&'Paramètres'!$B$14) | M64: =IF(OR(B64="",D64=""),"","Bonjour "&B64&","&CHAR(10)&CHAR(10)&SUBSTITUTE('Paramètres'!$B$15,"{E}",D64)&CHAR(10)&CHAR(10)&"Bien cordialement,"&CHAR(10)&'Paramètres'!$B$5) | N64: À compléter | P64: =IF(O64="","",O64+7)

Sheet Secteurs
A1: Paragraphes par secteur
A2: Un paragraphe par secteur, repris tel quel dans l'e-mail. Modifier ici modifie tous les e-mails du secteur.
A4: Secteur | B4: Fin de l'objet B | C4: Paragraphe sectoriel
A5: BTP et génie civil | B5: vos chantiers | C5: Dans le BTP, décrocher un chantier dépend souvent du matériel disponible : engins, bétonnières, échafaudages, véhicules de chantier. Les payer comptant immobilise la trésorerie dont vous avez besoin pour lancer les travaux.
A6: Transport et logistique | B6: votre flotte | C6: Dans le transport, chaque véhicule en plus, ou remplacé à temps, se traduit en tournées assurées et en contrats tenus. Renouveler ou agrandir une flotte au comptant pèse lourd sur la trésorerie d'une entreprise en croissance.
A7: Agro-industrie et transformation | B7: votre production | C7: Dans la transformation, la capacité de production tient aux machines : décortiqueuses, broyeurs, séchoirs, lignes de conditionnement, chambres froides. Une machine plus performante, c'est plus de volume traité et moins de pertes.
A8: Commerce et distribution | B8: votre activité | C8: Dans le commerce, mieux s'équiper veut souvent dire vendre plus : un véhicule de livraison, des chambres froides, du rayonnage, un système d'encaissement. Ces achats arrivent souvent au moment où le stock mobilise déjà la trésorerie.
A9: Santé (clinique, laboratoire, cabinet) | B9: votre plateau technique | C9: Dans la santé, la qualité du plateau technique fait la différence pour vos patients : appareils d'imagerie, automates de laboratoire, mobilier médical. Ce sont des investissements lourds, qu'il est plus sain d'étaler que de régler en une fois.
A10: Hôtellerie et restauration | B10: votre établissement | C10: Dans l'hôtellerie et la restauration, l'équipement se voit et se vit tous les jours : cuisine professionnelle, chambres froides, climatisation, groupe électrogène. Le moderniser au bon moment fait revenir les clients.
A11: Industrie et production | B11: votre outil de production | C11: Dans l'industrie, la compétitivité passe par l'outil de production : une machine plus récente, une nouvelle ligne, un groupe électrogène pour ne plus subir les coupures. Ces projets se financent mieux sur la durée qu'au comptant.
A12: Imprimerie et communication | B12: votre atelier | C12: Dans l'impression et la communication, une machine récente, c'est des délais tenus et des commandes que l'on n'a plus à refuser. Le matériel coûte cher et se renouvelle vite : autant en étaler le coût sur sa durée d'utilisation.
A13: Services numériques et télécoms | B13: votre infrastructure | C13: Dans le numérique, l'infrastructure suit la croissance : serveurs, matériel réseau, postes de travail, onduleurs. Financer ce matériel sur la durée garde votre trésorerie disponible pour recruter et développer vos offres.
A14: Agriculture et élevage | B14: votre exploitation | C14: En agriculture, un tracteur, un système d'irrigation ou un bâtiment d'élevage change le rendement d'une exploitation. Ces achats tombent rarement au moment où la récolte a rempli la caisse.
A15: Éducation et formation | B15: votre établissement | C15: Dans l'enseignement privé, l'équipement compte pour les familles : salles informatiques, laboratoires, mobilier, transport scolaire. Étaler ces investissements évite de les faire attendre jusqu'à la rentrée suivante.
A16: Autre secteur | B16: vos projets | C16: Un nouvel équipement, c'est souvent le moyen le plus direct de gagner en capacité ou en efficacité. Le payer comptant immobilise pourtant une trésorerie dont l'entreprise a besoin au quotidien.

Sheet Paramètres
A1: Paramètres communs
A2: Ces cellules alimentent tous les e-mails. Compléter la signature avant la relecture.
A4: Paramètre | B4: Valeur
A5: Prénom du signataire | B5: Patrick
A6: Service | B6: Banque des Entreprises
A7: Banque | B7: Coris Bank International Côte d'Ivoire
A8: Nom du signataire
A9: Téléphone direct
A10: E-mail du signataire
A11: (réservé)
A12: Paragraphe de l'offre ({E} = entreprise) | B12: Notre crédit d'investissement est fait pour cela : il permet à {E} de financer ses équipements sur le moyen terme, avec un remboursement étalé que nous construisons avec vous à partir de votre activité.
A13: Proposition de rendez-vous | B13: Je vous propose un échange de vingt minutes, à votre bureau, à l'agence ou par téléphone, pour regarder votre projet et vous dire ce que nous pouvons financer. Seriez-vous disponible dans les deux prochaines semaines ?
A14: Mention de fin | B14: Si vous préférez ne plus recevoir de message de ma part, répondez simplement « stop » : je ne vous écrirai plus.
A15: Texte de la relance ({E} = entreprise) | B15: Je me permets de revenir vers vous au sujet du financement des équipements de {E}. Si un projet d'achat est prévu dans les prochains mois, vingt minutes suffisent pour voir ensemble ce que nous pouvons financer. Quel moment vous conviendrait ?
