Workbook

Sheet Contacts
A1: KAYDAN GROUPE
A2: 30 contacts reçus (données fictives de test)
A4: N° | B4: Date | C4: Nom | D4: Téléphone | E4: Source | F4: Programme | G4: Besoin | H4: Budget | I4: Financement | J4: Échéance | K4: Décideur | L4: Accord messages | M4: Niveau (calculé) | N4: Transmis | O4: Délai de rappel (jours) | P4: Devenir
A5: C01 | B5: 01/09/2026 | C5: Awa K. (fictif) | D5: +225 07 •• •• •• 44 | E5: Salon | F5: Résidences Kotibé | G5: Achat résidence principale | H5: Non | I5: Non abordé | J5: 6 à 12 mois | K5: Non abordé | L5: Oui | M5: =IF(COUNTIF(D5,"manquant")+COUNTIF(G5,"Simple*")+COUNTIF(H5,"Non")+COUNTIF(J5,"Plus*")+COUNTIF(J5,"Non abordé")+COUNTIF(K5,"<>Oui")=0,"Qualifié",IF(COUNTIF(D5,"manquant")+COUNTIF(G5,"Simple*")>0,"Brut","Intéressé")) | N5: Oui | O5: 1 | P5: Rendu : budget inconnu
A6: C02 | B6: 01/09/2026 | C6: Yao C. (fictif) | D6: +225 07 •• •• •• 47 | E6: WhatsApp | F6: Non précisé | G6: Achat résidence principale | H6: Oui, déclaré | I6: Prêt bancaire en cours | J6: 6 à 12 mois | K6: Oui | L6: Non noté | M6: =IF(COUNTIF(D6,"manquant")+COUNTIF(G6,"Simple*")+COUNTIF(H6,"Non")+COUNTIF(J6,"Plus*")+COUNTIF(J6,"Non abordé")+COUNTIF(K6,"<>Oui")=0,"Qualifié",IF(COUNTIF(D6,"manquant")+COUNTIF(G6,"Simple*")>0,"Brut","Intéressé")) | N6: Oui | O6: 1 | P6: Visite faite
A7: C03 | B7: 02/09/2026 | C7: Mariam N. (fictif) | D7: manquant | E7: Formulaire site | F7: Résidences Kotibé | G7: Achat résidence principale | H7: Non | I7: Prêt bancaire en cours | J7: Moins de 6 mois | K7: Non (conjoint) | L7: Oui | M7: =IF(COUNTIF(D7,"manquant")+COUNTIF(G7,"Simple*")+COUNTIF(H7,"Non")+COUNTIF(J7,"Plus*")+COUNTIF(J7,"Non abordé")+COUNTIF(K7,"<>Oui")=0,"Qualifié",IF(COUNTIF(D7,"manquant")+COUNTIF(G7,"Simple*")>0,"Brut","Intéressé")) | N7: Non | P7: Gardé au marketing
A8: C04 | B8: 02/09/2026 | C8: Konan N. (fictif) | D8: +225 07 •• •• •• 72 | E8: Formulaire site | F8: Non précisé | G8: Achat résidence principale | H8: Non | I8: Prêt bancaire en cours | J8: Plus de 12 mois | K8: Non (conjoint) | L8: Oui | M8: =IF(COUNTIF(D8,"manquant")+COUNTIF(G8,"Simple*")+COUNTIF(H8,"Non")+COUNTIF(J8,"Plus*")+COUNTIF(J8,"Non abordé")+COUNTIF(K8,"<>Oui")=0,"Qualifié",IF(COUNTIF(D8,"manquant")+COUNTIF(G8,"Simple*")>0,"Brut","Intéressé")) | N8: Oui | O8: 5 | P8: Rendez-vous pris
A9: C05 | B9: 03/09/2026 | C9: Aïcha O. (fictif) | D9: +225 07 •• •• •• 60 | E9: Appel | F9: Résidences Kotibé | G9: Achat résidence principale | H9: Oui, déclaré | I9: Non abordé | J9: 6 à 12 mois | K9: Oui | L9: Non noté | M9: =IF(COUNTIF(D9,"manquant")+COUNTIF(G9,"Simple*")+COUNTIF(H9,"Non")+COUNTIF(J9,"Plus*")+COUNTIF(J9,"Non abordé")+COUNTIF(K9,"<>Oui")=0,"Qualifié",IF(COUNTIF(D9,"manquant")+COUNTIF(G9,"Simple*")>0,"Brut","Intéressé")) | N9: Oui | O9: 1 | P9: Rendez-vous pris
A10: C06 | B10: 04/09/2026 | C10: Serge G. (fictif) | D10: +225 07 •• •• •• 26 | E10: Appel | F10: Non précisé | G10: Achat résidence principale | H10: Non | I10: Non abordé | J10: Plus de 12 mois | K10: Non abordé | L10: Non noté | M10: =IF(COUNTIF(D10,"manquant")+COUNTIF(G10,"Simple*")+COUNTIF(H10,"Non")+COUNTIF(J10,"Plus*")+COUNTIF(J10,"Non abordé")+COUNTIF(K10,"<>Oui")=0,"Qualifié",IF(COUNTIF(D10,"manquant")+COUNTIF(G10,"Simple*")>0,"Brut","Intéressé")) | N10: Non | P10: Gardé au marketing
A11: C07 | B11: 04/09/2026 | C11: Fanta O. (fictif) | D11: +225 07 •• •• •• 66 | E11: Salon | F11: Résidences Kotibé | G11: Investissement locatif | H11: Oui, déclaré | I11: Non abordé | J11: Non abordé | K11: Oui | L11: Oui | M11: =IF(COUNTIF(D11,"manquant")+COUNTIF(G11,"Simple*")+COUNTIF(H11,"Non")+COUNTIF(J11,"Plus*")+COUNTIF(J11,"Non abordé")+COUNTIF(K11,"<>Oui")=0,"Qualifié",IF(COUNTIF(D11,"manquant")+COUNTIF(G11,"Simple*")>0,"Brut","Intéressé")) | N11: Oui | O11: 3 | P11: Rendu : budget inconnu
A12: C08 | B12: 05/09/2026 | C12: Didier C. (fictif) | D12: +225 07 •• •• •• 37 | E12: Salon | F12: Résidences Kotibé | G12: Achat résidence principale | H12: Oui, déclaré | I12: Non abordé | J12: 6 à 12 mois | K12: Oui | L12: Oui | M12: =IF(COUNTIF(D12,"manquant")+COUNTIF(G12,"Simple*")+COUNTIF(H12,"Non")+COUNTIF(J12,"Plus*")+COUNTIF(J12,"Non abordé")+COUNTIF(K12,"<>Oui")=0,"Qualifié",IF(COUNTIF(D12,"manquant")+COUNTIF(G12,"Simple*")>0,"Brut","Intéressé")) | N12: Oui | O12: 2 | P12: Réservation
A13: C09 | B13: 06/09/2026 | C13: Nadège A. (fictif) | D13: +225 07 •• •• •• 41 | E13: Salon | F13: Jardins d’Ahoué | G13: Simple information prix | H13: Oui, déclaré | I13: Non abordé | J13: 6 à 12 mois | K13: Non abordé | L13: Oui | M13: =IF(COUNTIF(D13,"manquant")+COUNTIF(G13,"Simple*")+COUNTIF(H13,"Non")+COUNTIF(J13,"Plus*")+COUNTIF(J13,"Non abordé")+COUNTIF(K13,"<>Oui")=0,"Qualifié",IF(COUNTIF(D13,"manquant")+COUNTIF(G13,"Simple*")>0,"Brut","Intéressé")) | N13: Non | P13: Gardé au marketing
A14: C10 | B14: 06/09/2026 | C14: Moussa K. (fictif) | D14: +225 07 •• •• •• 97 | E14: WhatsApp | F14: Jardins d’Ahoué | G14: Achat résidence principale | H14: Non | I14: Non abordé | J14: Plus de 12 mois | K14: Non abordé | L14: Non noté | M14: =IF(COUNTIF(D14,"manquant")+COUNTIF(G14,"Simple*")+COUNTIF(H14,"Non")+COUNTIF(J14,"Plus*")+COUNTIF(J14,"Non abordé")+COUNTIF(K14,"<>Oui")=0,"Qualifié",IF(COUNTIF(D14,"manquant")+COUNTIF(G14,"Simple*")>0,"Brut","Intéressé")) | N14: Oui | O14: 8 | P14: Rendez-vous pris
A15: C11 | B15: 07/09/2026 | C15: Christelle G. (fictif) | D15: +225 07 •• •• •• 75 | E15: Appel | F15: Jardins d’Ahoué | G15: Achat résidence principale | H15: Oui, déclaré | I15: Non abordé | J15: Moins de 6 mois | K15: Oui | L15: Oui | M15: =IF(COUNTIF(D15,"manquant")+COUNTIF(G15,"Simple*")+COUNTIF(H15,"Non")+COUNTIF(J15,"Plus*")+COUNTIF(J15,"Non abordé")+COUNTIF(K15,"<>Oui")=0,"Qualifié",IF(COUNTIF(D15,"manquant")+COUNTIF(G15,"Simple*")>0,"Brut","Intéressé")) | N15: Oui | O15: 8 | P15: Réservation
A16: C12 | B16: 07/09/2026 | C16: Ibrahim T. (fictif) | D16: +225 07 •• •• •• 16 | E16: Formulaire site | F16: Jardins d’Ahoué | G16: Simple information prix | H16: Non | I16: Non abordé | J16: 6 à 12 mois | K16: Non (conjoint) | L16: Oui | M16: =IF(COUNTIF(D16,"manquant")+COUNTIF(G16,"Simple*")+COUNTIF(H16,"Non")+COUNTIF(J16,"Plus*")+COUNTIF(J16,"Non abordé")+COUNTIF(K16,"<>Oui")=0,"Qualifié",IF(COUNTIF(D16,"manquant")+COUNTIF(G16,"Simple*")>0,"Brut","Intéressé")) | N16: Non | P16: Gardé au marketing
A17: C13 | B17: 08/09/2026 | C17: Josiane T. (fictif) | D17: manquant | E17: Formulaire site | F17: Résidences Kotibé | G17: Achat résidence principale | H17: Non | I17: Fonds propres | J17: 6 à 12 mois | K17: Oui | L17: Oui | M17: =IF(COUNTIF(D17,"manquant")+COUNTIF(G17,"Simple*")+COUNTIF(H17,"Non")+COUNTIF(J17,"Plus*")+COUNTIF(J17,"Non abordé")+COUNTIF(K17,"<>Oui")=0,"Qualifié",IF(COUNTIF(D17,"manquant")+COUNTIF(G17,"Simple*")>0,"Brut","Intéressé")) | N17: Non | P17: Gardé au marketing
A18: C14 | B18: 09/09/2026 | C18: Kouamé A. (fictif) | D18: +225 07 •• •• •• 27 | E18: WhatsApp | F18: Résidences Kotibé | G18: Achat résidence principale | H18: Oui, déclaré | I18: Non abordé | J18: Moins de 6 mois | K18: Oui | L18: Oui | M18: =IF(COUNTIF(D18,"manquant")+COUNTIF(G18,"Simple*")+COUNTIF(H18,"Non")+COUNTIF(J18,"Plus*")+COUNTIF(J18,"Non abordé")+COUNTIF(K18,"<>Oui")=0,"Qualifié",IF(COUNTIF(D18,"manquant")+COUNTIF(G18,"Simple*")>0,"Brut","Intéressé")) | N18: Oui | O18: 12 | P18: Réservation
A19: C15 | B19: 09/09/2026 | C19: Salimata G. (fictif) | D19: +225 07 •• •• •• 61 | E19: Appel | F19: Jardins d’Ahoué | G19: Achat résidence principale | H19: Non | I19: Fonds propres | J19: Moins de 6 mois | K19: Non abordé | L19: Oui | M19: =IF(COUNTIF(D19,"manquant")+COUNTIF(G19,"Simple*")+COUNTIF(H19,"Non")+COUNTIF(J19,"Plus*")+COUNTIF(J19,"Non abordé")+COUNTIF(K19,"<>Oui")=0,"Qualifié",IF(COUNTIF(D19,"manquant")+COUNTIF(G19,"Simple*")>0,"Brut","Intéressé")) | N19: Non | P19: Gardé au marketing
A20: C16 | B20: 10/09/2026 | C20: Hervé D. (fictif) | D20: +225 07 •• •• •• 49 | E20: WhatsApp | F20: Non précisé | G20: Achat résidence principale | H20: Oui, déclaré | I20: Prêt bancaire en cours | J20: Moins de 6 mois | K20: Non (conjoint) | L20: Oui | M20: =IF(COUNTIF(D20,"manquant")+COUNTIF(G20,"Simple*")+COUNTIF(H20,"Non")+COUNTIF(J20,"Plus*")+COUNTIF(J20,"Non abordé")+COUNTIF(K20,"<>Oui")=0,"Qualifié",IF(COUNTIF(D20,"manquant")+COUNTIF(G20,"Simple*")>0,"Brut","Intéressé")) | N20: Oui | O20: 1 | P20: Rendez-vous pris
A21: C17 | B21: 11/09/2026 | C21: Estelle K. (fictif) | D21: +225 07 •• •• •• 53 | E21: Appel | F21: Jardins d’Ahoué | G21: Achat résidence principale | H21: Oui, déclaré | I21: Non abordé | J21: Non abordé | K21: Non (conjoint) | L21: Non noté | M21: =IF(COUNTIF(D21,"manquant")+COUNTIF(G21,"Simple*")+COUNTIF(H21,"Non")+COUNTIF(J21,"Plus*")+COUNTIF(J21,"Non abordé")+COUNTIF(K21,"<>Oui")=0,"Qualifié",IF(COUNTIF(D21,"manquant")+COUNTIF(G21,"Simple*")>0,"Brut","Intéressé")) | N21: Oui | O21: 12 | P21: Rendez-vous pris
A22: C18 | B22: 11/09/2026 | C22: Bakary O. (fictif) | D22: +225 07 •• •• •• 41 | E22: WhatsApp | F22: Jardins d’Ahoué | G22: Achat résidence principale | H22: Oui, déclaré | I22: Non abordé | J22: 6 à 12 mois | K22: Oui | L22: Non noté | M22: =IF(COUNTIF(D22,"manquant")+COUNTIF(G22,"Simple*")+COUNTIF(H22,"Non")+COUNTIF(J22,"Plus*")+COUNTIF(J22,"Non abordé")+COUNTIF(K22,"<>Oui")=0,"Qualifié",IF(COUNTIF(D22,"manquant")+COUNTIF(G22,"Simple*")>0,"Brut","Intéressé")) | N22: Oui | O22: 1 | P22: Réservation
A23: C19 | B23: 12/09/2026 | C23: Prisca B. (fictif) | D23: +225 07 •• •• •• 35 | E23: Appel | F23: Non précisé | G23: Achat résidence principale | H23: Oui, déclaré | I23: Fonds propres | J23: Moins de 6 mois | K23: Non (conjoint) | L23: Oui | M23: =IF(COUNTIF(D23,"manquant")+COUNTIF(G23,"Simple*")+COUNTIF(H23,"Non")+COUNTIF(J23,"Plus*")+COUNTIF(J23,"Non abordé")+COUNTIF(K23,"<>Oui")=0,"Qualifié",IF(COUNTIF(D23,"manquant")+COUNTIF(G23,"Simple*")>0,"Brut","Intéressé")) | N23: Oui | O23: 1 | P23: Rendu : simple curieux
A24: C20 | B24: 13/09/2026 | C24: Arsène O. (fictif) | D24: +225 07 •• •• •• 35 | E24: WhatsApp | F24: Résidences Kotibé | G24: Investissement locatif | H24: Non | I24: Prêt bancaire en cours | J24: Plus de 12 mois | K24: Oui | L24: Oui | M24: =IF(COUNTIF(D24,"manquant")+COUNTIF(G24,"Simple*")+COUNTIF(H24,"Non")+COUNTIF(J24,"Plus*")+COUNTIF(J24,"Non abordé")+COUNTIF(K24,"<>Oui")=0,"Qualifié",IF(COUNTIF(D24,"manquant")+COUNTIF(G24,"Simple*")>0,"Brut","Intéressé")) | N24: Oui | O24: 12 | P24: Rendu : budget inconnu
A25: C21 | B25: 13/09/2026 | C25: Rokia O. (fictif) | D25: +225 07 •• •• •• 20 | E25: WhatsApp | F25: Résidences Kotibé | G25: Investissement locatif | H25: Oui, déclaré | I25: Non abordé | J25: Moins de 6 mois | K25: Non abordé | L25: Non noté | M25: =IF(COUNTIF(D25,"manquant")+COUNTIF(G25,"Simple*")+COUNTIF(H25,"Non")+COUNTIF(J25,"Plus*")+COUNTIF(J25,"Non abordé")+COUNTIF(K25,"<>Oui")=0,"Qualifié",IF(COUNTIF(D25,"manquant")+COUNTIF(G25,"Simple*")>0,"Brut","Intéressé")) | N25: Oui | O25: 2 | P25: Rendu : budget inconnu
A26: C22 | B26: 14/09/2026 | C26: Franck Y. (fictif) | D26: +225 07 •• •• •• 51 | E26: Formulaire site | F26: Résidences Kotibé | G26: Achat résidence principale | H26: Oui, déclaré | I26: Fonds propres | J26: Moins de 6 mois | K26: Oui | L26: Oui | M26: =IF(COUNTIF(D26,"manquant")+COUNTIF(G26,"Simple*")+COUNTIF(H26,"Non")+COUNTIF(J26,"Plus*")+COUNTIF(J26,"Non abordé")+COUNTIF(K26,"<>Oui")=0,"Qualifié",IF(COUNTIF(D26,"manquant")+COUNTIF(G26,"Simple*")>0,"Brut","Intéressé")) | N26: Oui | O26: non rappelé | P26: Jamais rappelé
A27: C23 | B27: 14/09/2026 | C27: Mireille K. (fictif) | D27: +225 07 •• •• •• 16 | E27: Formulaire site | F27: Non précisé | G27: Achat résidence principale | H27: Oui, déclaré | I27: Non abordé | J27: Plus de 12 mois | K27: Non (conjoint) | L27: Oui | M27: =IF(COUNTIF(D27,"manquant")+COUNTIF(G27,"Simple*")+COUNTIF(H27,"Non")+COUNTIF(J27,"Plus*")+COUNTIF(J27,"Non abordé")+COUNTIF(K27,"<>Oui")=0,"Qualifié",IF(COUNTIF(D27,"manquant")+COUNTIF(G27,"Simple*")>0,"Brut","Intéressé")) | N27: Non | P27: Gardé au marketing
A28: C24 | B28: 15/09/2026 | C28: Lassina N. (fictif) | D28: +225 07 •• •• •• 51 | E28: WhatsApp | F28: Non précisé | G28: Achat résidence principale | H28: Non | I28: Prêt bancaire en cours | J28: Non abordé | K28: Oui | L28: Oui | M28: =IF(COUNTIF(D28,"manquant")+COUNTIF(G28,"Simple*")+COUNTIF(H28,"Non")+COUNTIF(J28,"Plus*")+COUNTIF(J28,"Non abordé")+COUNTIF(K28,"<>Oui")=0,"Qualifié",IF(COUNTIF(D28,"manquant")+COUNTIF(G28,"Simple*")>0,"Brut","Intéressé")) | N28: Oui | O28: 2 | P28: Rendu : simple curieux
A29: C25 | B29: 16/09/2026 | C29: Carine T. (fictif) | D29: +225 07 •• •• •• 84 | E29: Formulaire site | F29: Jardins d’Ahoué | G29: Achat résidence principale | H29: Non | I29: Fonds propres | J29: Plus de 12 mois | K29: Oui | L29: Oui | M29: =IF(COUNTIF(D29,"manquant")+COUNTIF(G29,"Simple*")+COUNTIF(H29,"Non")+COUNTIF(J29,"Plus*")+COUNTIF(J29,"Non abordé")+COUNTIF(K29,"<>Oui")=0,"Qualifié",IF(COUNTIF(D29,"manquant")+COUNTIF(G29,"Simple*")>0,"Brut","Intéressé")) | N29: Oui | O29: non rappelé | P29: Jamais rappelé
A30: C26 | B30: 16/09/2026 | C30: Alain B. (fictif) | D30: +225 07 •• •• •• 40 | E30: Appel | F30: Non précisé | G30: Achat résidence principale | H30: Non | I30: Non abordé | J30: Moins de 6 mois | K30: Non abordé | L30: Oui | M30: =IF(COUNTIF(D30,"manquant")+COUNTIF(G30,"Simple*")+COUNTIF(H30,"Non")+COUNTIF(J30,"Plus*")+COUNTIF(J30,"Non abordé")+COUNTIF(K30,"<>Oui")=0,"Qualifié",IF(COUNTIF(D30,"manquant")+COUNTIF(G30,"Simple*")>0,"Brut","Intéressé")) | N30: Non | P30: Gardé au marketing
A31: C27 | B31: 17/09/2026 | C31: Djénéba G. (fictif) | D31: +225 07 •• •• •• 35 | E31: Salon | F31: Non précisé | G31: Achat résidence principale | H31: Oui, déclaré | I31: Fonds propres | J31: Moins de 6 mois | K31: Oui | L31: Oui | M31: =IF(COUNTIF(D31,"manquant")+COUNTIF(G31,"Simple*")+COUNTIF(H31,"Non")+COUNTIF(J31,"Plus*")+COUNTIF(J31,"Non abordé")+COUNTIF(K31,"<>Oui")=0,"Qualifié",IF(COUNTIF(D31,"manquant")+COUNTIF(G31,"Simple*")>0,"Brut","Intéressé")) | N31: Oui | O31: 1 | P31: Visite faite
A32: C28 | B32: 18/09/2026 | C32: Patrick B. (fictif) | D32: +225 07 •• •• •• 12 | E32: WhatsApp | F32: Non précisé | G32: Simple information prix | H32: Non | I32: Non abordé | J32: 6 à 12 mois | K32: Oui | L32: Oui | M32: =IF(COUNTIF(D32,"manquant")+COUNTIF(G32,"Simple*")+COUNTIF(H32,"Non")+COUNTIF(J32,"Plus*")+COUNTIF(J32,"Non abordé")+COUNTIF(K32,"<>Oui")=0,"Qualifié",IF(COUNTIF(D32,"manquant")+COUNTIF(G32,"Simple*")>0,"Brut","Intéressé")) | N32: Non | P32: Gardé au marketing
A33: C29 | B33: 18/09/2026 | C33: Edwige K. (fictif) | D33: +225 07 •• •• •• 86 | E33: Formulaire site | F33: Non précisé | G33: Achat résidence principale | H33: Oui, déclaré | I33: Fonds propres | J33: Plus de 12 mois | K33: Oui | L33: Oui | M33: =IF(COUNTIF(D33,"manquant")+COUNTIF(G33,"Simple*")+COUNTIF(H33,"Non")+COUNTIF(J33,"Plus*")+COUNTIF(J33,"Non abordé")+COUNTIF(K33,"<>Oui")=0,"Qualifié",IF(COUNTIF(D33,"manquant")+COUNTIF(G33,"Simple*")>0,"Brut","Intéressé")) | N33: Non | P33: Gardé au marketing
A34: C30 | B34: 19/09/2026 | C34: Souleymane A. (fictif) | D34: +225 07 •• •• •• 22 | E34: WhatsApp | F34: Résidences Kotibé | G34: Investissement locatif | H34: Non | I34: Non abordé | J34: 6 à 12 mois | K34: Oui | L34: Non noté | M34: =IF(COUNTIF(D34,"manquant")+COUNTIF(G34,"Simple*")+COUNTIF(H34,"Non")+COUNTIF(J34,"Plus*")+COUNTIF(J34,"Non abordé")+COUNTIF(K34,"<>Oui")=0,"Qualifié",IF(COUNTIF(D34,"manquant")+COUNTIF(G34,"Simple*")>0,"Brut","Intéressé")) | N34: Oui | O34: 2 | P34: Rendu : simple curieux
A36: Niveau calculé selon la fiche : Qualifié = 5 critères tenus ; Brut = sans téléphone ou simple curiosité ; sinon Intéressé.
A37: Aucun contact n’est appelé par Fatima : les rappels sont faits par les commerciaux.

Sheet Suivi hebdomadaire
A1: KAYDAN GROUPE
A2: Ce que deviennent les contacts, par source
A4: Source | B4: Reçus | C4: Sans téléphone | D4: Qualifiés | E4: Transmis | F4: Rappelés sous 48 h | G4: Jamais rappelés | H4: Rendus | I4: Avancés (RDV, visite, réservation)
A5: Appel | B5: =COUNTIF(Contacts!E5:E34,"Appel") | C5: =COUNTIFS(Contacts!E5:E34,"Appel",Contacts!D5:D34,"manquant") | D5: =COUNTIFS(Contacts!E5:E34,"Appel",Contacts!M5:M34,"Qualifié") | E5: =COUNTIFS(Contacts!E5:E34,"Appel",Contacts!N5:N34,"Oui") | F5: =COUNTIFS(Contacts!E5:E34,"Appel",Contacts!O5:O34,"<=2") | G5: =COUNTIFS(Contacts!E5:E34,"Appel",Contacts!P5:P34,"Jamais rappelé") | H5: =COUNTIFS(Contacts!E5:E34,"Appel",Contacts!P5:P34,"Rendu*") | I5: =COUNTIFS(Contacts!E5:E34,"Appel",Contacts!P5:P34,"Visite faite")+COUNTIFS(Contacts!E5:E34,"Appel",Contacts!P5:P34,"Réservation")+COUNTIFS(Contacts!E5:E34,"Appel",Contacts!P5:P34,"Rendez-vous pris")
A6: WhatsApp | B6: =COUNTIF(Contacts!E5:E34,"WhatsApp") | C6: =COUNTIFS(Contacts!E5:E34,"WhatsApp",Contacts!D5:D34,"manquant") | D6: =COUNTIFS(Contacts!E5:E34,"WhatsApp",Contacts!M5:M34,"Qualifié") | E6: =COUNTIFS(Contacts!E5:E34,"WhatsApp",Contacts!N5:N34,"Oui") | F6: =COUNTIFS(Contacts!E5:E34,"WhatsApp",Contacts!O5:O34,"<=2") | G6: =COUNTIFS(Contacts!E5:E34,"WhatsApp",Contacts!P5:P34,"Jamais rappelé") | H6: =COUNTIFS(Contacts!E5:E34,"WhatsApp",Contacts!P5:P34,"Rendu*") | I6: =COUNTIFS(Contacts!E5:E34,"WhatsApp",Contacts!P5:P34,"Visite faite")+COUNTIFS(Contacts!E5:E34,"WhatsApp",Contacts!P5:P34,"Réservation")+COUNTIFS(Contacts!E5:E34,"WhatsApp",Contacts!P5:P34,"Rendez-vous pris")
A7: Formulaire site | B7: =COUNTIF(Contacts!E5:E34,"Formulaire site") | C7: =COUNTIFS(Contacts!E5:E34,"Formulaire site",Contacts!D5:D34,"manquant") | D7: =COUNTIFS(Contacts!E5:E34,"Formulaire site",Contacts!M5:M34,"Qualifié") | E7: =COUNTIFS(Contacts!E5:E34,"Formulaire site",Contacts!N5:N34,"Oui") | F7: =COUNTIFS(Contacts!E5:E34,"Formulaire site",Contacts!O5:O34,"<=2") | G7: =COUNTIFS(Contacts!E5:E34,"Formulaire site",Contacts!P5:P34,"Jamais rappelé") | H7: =COUNTIFS(Contacts!E5:E34,"Formulaire site",Contacts!P5:P34,"Rendu*") | I7: =COUNTIFS(Contacts!E5:E34,"Formulaire site",Contacts!P5:P34,"Visite faite")+COUNTIFS(Contacts!E5:E34,"Formulaire site",Contacts!P5:P34,"Réservation")+COUNTIFS(Contacts!E5:E34,"Formulaire site",Contacts!P5:P34,"Rendez-vous pris")
A8: Salon | B8: =COUNTIF(Contacts!E5:E34,"Salon") | C8: =COUNTIFS(Contacts!E5:E34,"Salon",Contacts!D5:D34,"manquant") | D8: =COUNTIFS(Contacts!E5:E34,"Salon",Contacts!M5:M34,"Qualifié") | E8: =COUNTIFS(Contacts!E5:E34,"Salon",Contacts!N5:N34,"Oui") | F8: =COUNTIFS(Contacts!E5:E34,"Salon",Contacts!O5:O34,"<=2") | G8: =COUNTIFS(Contacts!E5:E34,"Salon",Contacts!P5:P34,"Jamais rappelé") | H8: =COUNTIFS(Contacts!E5:E34,"Salon",Contacts!P5:P34,"Rendu*") | I8: =COUNTIFS(Contacts!E5:E34,"Salon",Contacts!P5:P34,"Visite faite")+COUNTIFS(Contacts!E5:E34,"Salon",Contacts!P5:P34,"Réservation")+COUNTIFS(Contacts!E5:E34,"Salon",Contacts!P5:P34,"Rendez-vous pris")
A9: Total | B9: =SUM(B5:B8) | C9: =SUM(C5:C8) | D9: =SUM(D5:D8) | E9: =SUM(E5:E8) | F9: =SUM(F5:F8) | G9: =SUM(G5:G8) | H9: =SUM(H5:H8) | I9: =SUM(I5:I8)

Sheet Motifs de retour
A1: KAYDAN GROUPE
A2: Motifs de retour au marketing
A4: Motif | B4: Nombre
A5: Rendu : numéro faux | B5: =COUNTIF(Contacts!P5:P34,A5)
A6: Rendu : budget inconnu | B6: =COUNTIF(Contacts!P5:P34,A6)
A7: Rendu : simple curieux | B7: =COUNTIF(Contacts!P5:P34,A7)
A8: Jamais rappelé | B8: =COUNTIF(Contacts!P5:P34,A8)
